-- phpMyAdmin SQL Dump
-- version 3.4.5
-- http://www.phpmyadmin.net
--
-- Host: localhost
-- Generation Time: Jul 13, 2014 at 11:31 AM
-- Server version: 5.5.16
-- PHP Version: 5.3.8

SET SQL_MODE="NO_AUTO_VALUE_ON_ZERO";
SET time_zone = "+00:00";


/*!40101 SET @OLD_CHARACTER_SET_CLIENT=@@CHARACTER_SET_CLIENT */;
/*!40101 SET @OLD_CHARACTER_SET_RESULTS=@@CHARACTER_SET_RESULTS */;
/*!40101 SET @OLD_COLLATION_CONNECTION=@@COLLATION_CONNECTION */;
/*!40101 SET NAMES utf8 */;

--
-- Database: `hittech`
--

-- --------------------------------------------------------

--
-- Table structure for table `tbl_articles`
--

CREATE TABLE IF NOT EXISTS `tbl_articles` (
  `article_id` int(10) unsigned NOT NULL AUTO_INCREMENT,
  `article_title` varchar(200) CHARACTER SET utf8 NOT NULL,
  `article_title_rewrite` varchar(200) CHARACTER SET utf8 NOT NULL,
  `article_info` text CHARACTER SET utf8 NOT NULL,
  `article_full` longtext CHARACTER SET utf8 NOT NULL,
  `article_image` varchar(200) CHARACTER SET utf8 NOT NULL,
  `article_order` int(10) NOT NULL,
  `article_date` varchar(100) CHARACTER SET utf8 NOT NULL,
  `article_status` int(1) NOT NULL DEFAULT '1',
  PRIMARY KEY (`article_id`)
) ENGINE=InnoDB  DEFAULT CHARSET=latin1 AUTO_INCREMENT=7 ;

--
-- Dumping data for table `tbl_articles`
--

INSERT INTO `tbl_articles` (`article_id`, `article_title`, `article_title_rewrite`, `article_info`, `article_full`, `article_image`, `article_order`, `article_date`, `article_status`) VALUES
(1, 'Web giả rẻ có nên hay không?', 'web-gia-re-co-nen-hay-khong?', 'Thiết kế website giá rẻ có nên chọn?Chưa khi nào dịch vụ nhận thiết kế website giá rẻ lại xuất hiện nhiều như hiện nay, chỉ cần bỏ ra chưa đến 1 triệu đồng là có ngay một trang web để quảng bá thương hiệu.', '<div>\n<h3>THIẾT KẾ WEBSITE GIÁ RẺ - RẺ MÀ KHÔNG RẺ</h3>\n<br />\n<div>\n<div><span><span no-repeat=""><em>Chắc  hẳn nhiều lần bạn đã search trên Google từ khóa "<strong>thiết kế website giá  rẻ</strong>", và giật mình với nhữ</em></span><em>g quảng cáo thiết kế website giá rẻ TRỌN GÓI với chi phí chỉ 500.000đ - 800.000đ. Rẻ thật, tốt thật hay rẻ... ôi?</em></span></div>\n<div><span no-repeat=""><br />\n</span></div>\n<div><span no-repeat="">Nếu  đánh giá dịch vụ thiết kế website giá rẻ tốt hay không tốt sẽ là ý kiến  chủ quan của tác giả. Vậy bạn hãy cùng tác giả phân tích và đưa ra kết  luận cho riêng mình.</span></div>\n<div><span no-repeat=""><br />\n</span></div>\n<div><span no-repeat=""><strong>Thứ nhất: Làm thế nào để thiết kế website giá rẻ chỉ với chi phí rẻ đến giật mình, thời gian chỉ trong 1-2 ngày?</strong></span></div>\n<div><span no-repeat="">Quy  trình để xây dựng, thiết kế một website cũng giống như viết một phần  mềm. Quy trình chuẩn bao gồm: phân tích yêu cầu (giao diện + chức năng),  thiết kế giao diện đồ họa, lập trình mã html, css, javascript client và  các chức năng phía server, tiếp đến là vận hành, kiểm thử và chuyển  giao cho khách hàng.</span></div>\n<div><span no-repeat="">Với  chi phí rẻ 500.000đ - 800.000đ và thời gian 1-2 ngày rõ ràng việc làm  theo quy trình là bất khả thi, và các đơn vị thiết kế web giá rẻ cũng  không dại gì làm theo con đường như vậy.</span></div>\n<div><span no-repeat=""><br />\n</span></div>\n<div><span no-repeat="">Có  cách đơn giản hơn: download các CMS (phát hành và quản trị nội dung  website) mã nguồn mở miễn phí trên mạng, phổ biến như Joomla, WordPress,  Drupal, Oscommerce...Việt hóa các câu từ, cài đặt lên một Hosting miễn  phí là đã có ngay một website hoàn chỉnh.</span></div>\n<div><span no-repeat=""><br />\n</span></div>\n<div><span no-repeat="">Công  việc còn lại sẽ chỉ là thiết kế tùy chỉnh lại giao diện, banner (thậm  chí không cần phải làm việc này mà chỉ cần search và download các  template có sẵn trên mạng) sửa nội dung cho thành website theo ý khách  hàng.</span></div>\n<div><span no-repeat=""><br />\n</span></div>\n<div><span no-repeat="">Với cách làm như vậy, để thiết kế website giá rẻ với thời gian 1-2 ngày là hoàn toàn khả thi.</span></div>\n<div><span no-repeat=""><br />\n</span></div>\n<div><span no-repeat=""><strong>Thứ 2: Nhưng, thiết kế website giá rẻ chi phí chỉ dừng lại mức 500.000đ - 800.000đ như lời quảng cáo?</strong></span></div>\n<div><span no-repeat="">Chắc  chắn một điều là sau khi khách hàng lựa chọn giải pháp thiết kế website  giá rẻ, với chi phí ban đầu "rẻ đến giật mình", khách hàng sẽ phải trả  thêm các khoản phí: phí&#160;đăng ký tên miền&#160;(tên  miền quốc tế: 250.000đ/năm, tên miền quốc gia: 450.000đ/năm), phí thuê  máy chủ, hosting (thông thường khoảng 120.000đ/tháng với website nhỏ).</span></div>\n<div><span no-repeat=""><br />\n</span></div>\n<div><span no-repeat="">Không chỉ vậy, để cập nhật nội dung cho website, khách hàng sẽ phải bỏ chi phí để thuê nhân viên&#160;quản trị nội dung website&#160;(chi  phí thuê hàng tháng tối thiểu cũng phải là 1.000.000đ/tháng), và trả  phí để khắc phục những vấn đề phát sinh sau khi hết thời hạn bảo hành  website.</span></div>\n<div><span no-repeat=""><br />\n</span></div>\n<div><span no-repeat="">Vậy là đúng như từ khóa quảng cáo "Thiết kế website giá rẻ", chi phí khách hàng bỏ ra chỉ dừng ở mức "Thiết kế".</span></div>\n<div><span no-repeat=""><br />\n</span></div>\n<div><span no-repeat=""><strong>Thứ 3: Dịch vụ kiểu đem con bỏ chợ...</strong></span></div>\n<div><span no-repeat="">Dịch  vụ thiết kế website giá rẻ đa phần là những đơn vị tự phát, cá nhân,  sinh viên công nghệ thông tin tự mở dịch vụ thiết kế website. Lôi kéo  khách hàng bằng giá không thể rẻ hơn, dịch vụ hậu mãi và chăm sóc khách  hàng gần như không có, bởi đơn giản với chi phí 500.000đ - 800.000đ  không đơn vị nào đủ khả năng "bảo hành web trọn đời".</span></div>\n<div><span no-repeat=""><br />\n</span></div>\n<div><span no-repeat="">Bởi  vậy mới có những tình huống dở khóc dở cười như kiểu: công ty A muốn  thay logo hay hotline trên banner nhưng liên hệ với đơn vị thiết kế web  năm lần bảy lượt vẫn y nguyên. Hay website công ty bị tấn công, chèn  những thông tin có hại lên web nhưng khách hàng không biết kêu ai bởi  đơn vị thiết kế web cho mình đã "thay số điện thoại" hay "em không còn  làm dịch vụ này lâu rồi"!</span></div>\n<div><span no-repeat=""><br />\n</span></div>\n<div><span no-repeat="">Khách  hàng sử dụng dịch vụ thiết kế website giá rẻ đa phần đều là những đơn  vị chưa hiểu hết được những lợi ích của việc khai thác website một cách  bài bản, ham rẻ hay chỉ làm website "cho có".</span></div>\n<div><span no-repeat=""><br />\n</span></div>\n<div><span no-repeat=""><strong>Kết luận:</strong></span></div>\n<div><span no-repeat="">Lợi  ích website mang lại chỉ có được khi được khách hàng thực sự chú trọng  và đầu tư bài bản, không chỉ dừng lại ở việc thiết kế website, xây dựng  chức năng mà còn là xây dựng nội dung và&#160;quảng bá website&#160;tới khách hàng tiềm năng.</span></div>\n<div><span no-repeat=""><br />\n</span></div>\n<div><span no-repeat="">Dẫu  biết, trong thời kỳ kinh tế đang khó khăn, không phải bất cứ doanh  nghiệp nào cũng sẵn sàng bỏ ra chi phí để thực hiện những điều trên. Vậy  đâu là giải pháp? Bạn hãy liên hệ với chúng tôi ngay hôm nay để được tư vấn một giải pháp thiết kế website hoàn hảo !</span></div>\n</div>\n</div>\n<br />', 'images.jpg', 1, '18/03/2013 - 03:45:14', 1),
(6, 'Học thiết kế website', 'hoc-thiet-ke-website', '', 'Bạn vui lòng liên hệ :\n<div>&#160;</div>\n<div><span class="Apple-tab-span"  </span>- Phone : 0974.136.509</div>\n<div><span class="Apple-tab-span"  </span>- Yahoo : northstar189</div>\n<div><span class="Apple-tab-span"  </span>- Skype : northstarvn<br />\n<div>&#160;</div>\n</div>', 'php_mysql_development.jpg', 2, '16/03/2013 - 07:48:41', 1);

-- --------------------------------------------------------

--
-- Table structure for table `tbl_categorie`
--

CREATE TABLE IF NOT EXISTS `tbl_categorie` (
  `id` int(10) unsigned NOT NULL AUTO_INCREMENT,
  `name` varchar(100) NOT NULL,
  `title` varchar(255) NOT NULL,
  `rewrite` varchar(255) NOT NULL,
  `shortinfo` text NOT NULL,
  `keywords` text NOT NULL,
  `description` text NOT NULL,
  `datetime` varchar(200) NOT NULL,
  `order` int(1) NOT NULL,
  `image` varchar(150) NOT NULL,
  `status` char(1) NOT NULL DEFAULT '1',
  `cate_id` int(10) NOT NULL,
  PRIMARY KEY (`id`)
) ENGINE=MyISAM  DEFAULT CHARSET=utf8 AUTO_INCREMENT=30 ;

--
-- Dumping data for table `tbl_categorie`
--

INSERT INTO `tbl_categorie` (`id`, `name`, `title`, `rewrite`, `shortinfo`, `keywords`, `description`, `datetime`, `order`, `image`, `status`, `cate_id`) VALUES
(1, 'Mobile phones', '', 'mobile-phones', 'Mobile phones reviews', 'Mobile phones reviews', 'Mobile phones reviews', '09/07/2014-18:25:14', 1, '', '1', 3),
(2, 'Laptops and netbooks ', '', 'laptops-and-netbooks-', 'Laptops and netbooks', 'Laptops and netbooks ', 'Laptops and netbooks review', '09/07/2014-18:27:04', 2, '', '1', 3),
(3, 'PC & desktops', '', 'pc-desktops', 'PC &amp; Mac desktops', 'PC & Mac desktops', 'PC & Mac desktops', '09/07/2014-18:27:47', 3, '', '1', 3),
(4, 'Televisions', '', 'televisions', 'Televisions review', 'Televisions', 'Televisions review', '09/07/2014-18:28:30', 4, '', '1', 3),
(5, 'Tablets review', '', 'tablets-review', 'Tablets review', 'Tablets review', 'Tablets review', '09/07/2014-18:29:08', 5, '', '1', 3),
(6, 'Compact cameras', '', 'compact-cameras', 'Compact cameras', 'Compact cameras', 'Compact cameras', '09/07/2014-18:29:26', 6, '', '1', 3),
(7, 'Gaming', '', 'gaming', 'Gaming review', 'Gaming review', 'Gaming review', '09/07/2014-18:30:11', 7, '', '1', 3),
(8, 'iPhone', 'iPhone reviews, iphone 5s and iphone 6 review', 'iphone', 'iPhone reviews, iphone 5s and iphone 6 review', 'iPhone reviews, iphone 5s and iphone 6 review', 'iPhone reviews, iphone 5s and iphone 6 review', '09/07/2014-19:02:28', 8, '', '1', 1),
(9, 'Nokia', 'Nokia reviews, reviews about nokia mobile phones', 'nokia', 'Nokia reviews, reviews about nokia mobile phones', 'Nokia reviews, reviews about nokia mobile phones', 'Nokia reviews, reviews about nokia mobile phones', '09/07/2014-19:05:18', 9, '', '1', 1),
(10, 'Sony', 'Sony reviews, reviews about sony mobile phones', 'sony', 'Sony reviews, reviews about sony mobile phones', 'Sony reviews, reviews about sony mobile phones', 'Sony reviews, reviews about sony mobile phones', '09/07/2014-19:06:04', 10, '', '1', 1),
(11, 'Samsung', 'Samsung reviews, reviews about samsung mobile phones', 'samsung', 'Samsung reviews, reviews about samsung mobile phones', 'Samsung reviews, reviews about samsung mobile phones', 'Samsung reviews, reviews about samsung mobile phones', '09/07/2014-19:08:18', 11, '', '1', 1),
(12, 'LG', 'LG reviews, reviews about lg mobile phones', 'lg', 'LG reviews, reviews about lg mobile phones', 'LG reviews, reviews about lg mobile phones', 'LG reviews, reviews about lg mobile phones', '09/07/2014-19:10:23', 12, '', '1', 1),
(13, 'HTC', 'HTC reviews, reviews about htc mobile phones', 'htc', 'HTC reviews, reviews about htc mobile phones', 'HTC reviews, reviews about htc mobile phones', 'HTC reviews, reviews about htc mobile phones', '09/07/2014-19:11:31', 13, '', '1', 1),
(14, 'Black berry', 'Black berry reviews, reviews about black berry mobile phones', 'black-berry', 'Black berry reviews, reviews about black berry mobile phones', 'Black berry reviews, reviews about black berry mobile phones', 'Black berry reviews, reviews about black berry mobile phones', '09/07/2014-19:14:56', 14, '', '1', 1),
(15, 'Oppo', 'Oppo reviews, reviews about oppo mobile phones', 'oppo', 'Oppo reviews, reviews about oppo mobile phones', 'Oppo reviews, reviews about oppo mobile phones', 'Oppo reviews, reviews about oppo mobile phones', '09/07/2014-19:16:08', 15, '', '1', 1),
(16, 'Apple', 'Apple tablets, views for tablets of apple', 'apple', 'Apple tablets, views for tablets of apple', 'Apple tablets, views for tablets of apple', 'Apple tablets, views for tablets of apple', '09/07/2014-19:18:54', 16, '', '1', 4),
(17, 'Sony tablets', 'Sony tablets, views for tablets of sony ', 'sony-tablets', 'Sony tablets, views for tablets of sony', 'Sony tablets, views for tablets of sony ', 'Sony tablets, views for tablets of sony ', '09/07/2014-19:21:50', 17, '', '1', 4),
(18, 'Microsoft tablets', 'Microsoft tablets, views for tablets of microsoft', 'microsoft-tablets', 'Microsoft tablets, views for tablets of microsoft', 'Microsoft tablets, views for tablets of microsoft', 'Microsoft tablets, views for tablets of microsoft', '09/07/2014-19:21:37', 18, '', '1', 4),
(19, 'HTC tablets', 'HTC tablets, views for tablets of htc', 'htc-tablets', 'HTC tablets, views for tablets of htc', 'HTC tablets, views for tablets of htc', 'HTC tablets, views for tablets of htc', '09/07/2014-19:22:43', 19, '', '1', 4),
(20, 'Samsung', 'Samsung tablets, views for tablets of samsung', 'samsung', 'Samsung tablets, views for tablets of samsung', 'Samsung tablets, views for tablets of samsung', 'Samsung tablets, views for tablets of samsung', '09/07/2014-19:23:36', 20, '', '1', 4),
(21, 'Asus', '', 'asus', '&#160;', '', '', '10/07/2014-09:04:38', 21, '', '1', 6),
(22, 'Dell', '', 'dell', '&#160;', '', '', '09/07/2014-19:32:14', 22, '', '1', 6),
(23, 'HP', '', 'hp', '&#160;', '', '', '09/07/2014-19:32:32', 23, '', '1', 6),
(24, 'Acer', '', 'acer', '&#160;', '', '', '09/07/2014-19:32:45', 24, '', '1', 6),
(25, 'Sony Vaio', '', 'sony-vaio', '&#160;', '', '', '09/07/2014-19:33:00', 25, '', '1', 6),
(26, 'Lenovo', '', 'lenovo', '&#160;', '', '', '09/07/2014-19:33:23', 26, '', '1', 6),
(27, 'Apple', '', 'apple', '&#160;', '', '', '09/07/2014-19:33:39', 27, '', '1', 6),
(28, 'Samsung', '', 'samsung', '&#160;', '', '', '09/07/2014-19:33:57', 28, '', '1', 6),
(29, 'Toshiba', '', 'toshiba', '&#160;', '', '', '09/07/2014-19:34:25', 29, '', '1', 6);

-- --------------------------------------------------------

--
-- Table structure for table `tbl_category`
--

CREATE TABLE IF NOT EXISTS `tbl_category` (
  `cate_id` int(10) unsigned NOT NULL AUTO_INCREMENT,
  `cate_name` varchar(50) NOT NULL,
  `cate_rewrite` varchar(255) NOT NULL,
  `cate_link` varchar(250) NOT NULL,
  `cate_info` varchar(255) NOT NULL,
  `cate_images` varchar(200) NOT NULL,
  `cate_ext` longtext NOT NULL,
  `cate_status` int(1) NOT NULL DEFAULT '1',
  `cate_order` int(10) NOT NULL,
  PRIMARY KEY (`cate_id`)
) ENGINE=MyISAM  DEFAULT CHARSET=utf8 AUTO_INCREMENT=10 ;

--
-- Dumping data for table `tbl_category`
--

INSERT INTO `tbl_category` (`cate_id`, `cate_name`, `cate_rewrite`, `cate_link`, `cate_info`, `cate_images`, `cate_ext`, `cate_status`, `cate_order`) VALUES
(1, 'Phones', 'phones', '', 'Reviews category about phones, tablets and laptops products newest', 'iphone-5s.jpg', '&#160;', 1, 1),
(2, 'Car tech', 'car-tech', '', '', '', '<br />', 1, 9),
(3, 'Reviews', 'reviews', '', 'Reviews category about phones, tablets and laptops products newest', 'Sony-xperia-z.png', '<br />', 1, 0),
(4, 'Tables', 'tables', '', '', 'stsg_product_large_75zmc9c63u6hyh8.jpg', '<br />', 1, 2),
(5, 'Gaming', 'gaming', '', '', '', '<br />', 1, 5),
(6, 'Laptops', 'laptops', '', 'Reviews category about phones, tablets and laptops products newest', 'handoff-578-80.jpg', '<br />', 1, 3),
(7, 'Apps', 'apps', '', '', '', '<br />', 1, 7),
(8, 'Tvs', 'tvs', '', '', '', '', 1, 8),
(9, 'Cameras', 'cameras', '', '', '', '<br />', 1, 4);

-- --------------------------------------------------------

--
-- Table structure for table `tbl_config`
--

CREATE TABLE IF NOT EXISTS `tbl_config` (
  `config_id` int(10) unsigned NOT NULL AUTO_INCREMENT,
  `config_title` varchar(200) NOT NULL,
  `config_key` text NOT NULL,
  `config_des` text NOT NULL,
  `config_logo` varchar(200) NOT NULL,
  `config_footer` text NOT NULL,
  PRIMARY KEY (`config_id`)
) ENGINE=InnoDB  DEFAULT CHARSET=utf8 AUTO_INCREMENT=2 ;

--
-- Dumping data for table `tbl_config`
--

INSERT INTO `tbl_config` (`config_id`, `config_title`, `config_key`, `config_des`, `config_logo`, `config_footer`) VALUES
(1, 'Hittech, best of user reviews', '', '', 'new-ubuntu-logo2.png', '<h4>Copyright @ 2013 NorthStar.Vn - All rights reserved - <a title="Tranh gạo" href="http://tranhgaoviet.com/">Tranh gạo</a></h4>\r\n<h4>Công ty TNHH Giải Pháp Trực Tuyến North Star Việt Nam - Mã số thuế : 0106 160 645</h4>\r\n<p>Địa chỉ : &#160;Kiều Mai - Từ Liêm - Hà Nội &#160; &#160; Hotline : 0974.136.509 - 0976.256.106</p>');

-- --------------------------------------------------------

--
-- Table structure for table `tbl_contact`
--

CREATE TABLE IF NOT EXISTS `tbl_contact` (
  `con_id` int(10) unsigned NOT NULL AUTO_INCREMENT,
  `con_name` varchar(150) CHARACTER SET utf8 NOT NULL,
  `con_email` varchar(100) CHARACTER SET utf8 NOT NULL,
  `con_phone` varchar(50) CHARACTER SET utf8 NOT NULL,
  `con_full` text CHARACTER SET utf8,
  `con_date` date NOT NULL,
  PRIMARY KEY (`con_id`)
) ENGINE=MyISAM  DEFAULT CHARSET=latin1 AUTO_INCREMENT=27 ;

--
-- Dumping data for table `tbl_contact`
--

INSERT INTO `tbl_contact` (`con_id`, `con_name`, `con_email`, `con_phone`, `con_full`, `con_date`) VALUES
(18, 'Nguyễn Văn Minh', 'minhdung149@gmail.com', '01689985210', '\nEm đọc trên diễn dàn vnzoom có thấy anh đang tìm người học lớp PHP. hiện còn cần người nữa không anh? và hình thức học ntn? ở đâu và học phí như nào ạ? e cũng đang quan tâm đến lập trình php. Thanks anh', '0000-00-00');

-- --------------------------------------------------------

--
-- Table structure for table `tbl_contact_info`
--

CREATE TABLE IF NOT EXISTS `tbl_contact_info` (
  `contact_id` int(10) unsigned NOT NULL AUTO_INCREMENT,
  `contact_value` text CHARACTER SET utf8 NOT NULL,
  `contact_status` int(1) NOT NULL DEFAULT '1',
  PRIMARY KEY (`contact_id`)
) ENGINE=InnoDB  DEFAULT CHARSET=latin1 AUTO_INCREMENT=2 ;

--
-- Dumping data for table `tbl_contact_info`
--

INSERT INTO `tbl_contact_info` (`contact_id`, `contact_value`, `contact_status`) VALUES
(1, '<h3><strong><span><span>Công ty TNHH Giải pháp Trực Tuyến North Star</span></span></strong></h3>\n<h4><span>Địa chỉ : Số 100 - Kiều Mai - Phú Diễn - Hà Nội</span></h4>\n<span>Hotline : 0974.136.509&#160;<br />\nWebsite : &#160;<a href="http://NorthStar.Vn">NorthStar.Vn</a></span><br />\n<br />', 1);

-- --------------------------------------------------------

--
-- Table structure for table `tbl_content`
--

CREATE TABLE IF NOT EXISTS `tbl_content` (
  `con_id` int(10) unsigned NOT NULL AUTO_INCREMENT,
  `con_title` varchar(255) NOT NULL,
  `con_position` varchar(200) NOT NULL,
  `con_number` int(50) NOT NULL,
  `con_location` varchar(200) NOT NULL,
  `con_price` varchar(100) NOT NULL,
  `con_full` longtext NOT NULL,
  `con_images` varchar(200) NOT NULL,
  `con_date` varchar(200) NOT NULL,
  PRIMARY KEY (`con_id`)
) ENGINE=MyISAM  DEFAULT CHARSET=utf8 AUTO_INCREMENT=22 ;

--
-- Dumping data for table `tbl_content`
--

INSERT INTO `tbl_content` (`con_id`, `con_title`, `con_position`, `con_number`, `con_location`, `con_price`, `con_full`, `con_images`, `con_date`) VALUES
(18, 'Kỹ sư hệ thống điện/điện tự động', 'Kỹ sư hệ thống điện/điện tự động', 3, 'Hà Nội', '7000.000 VND', '<p> <span><strong><u>Yêu cầu:</u></strong></span></p>\r\n<p> <span>- Trình độ: Đại học</span></p>\r\n<p> <span>- Số năm kinh nghiệm: 2 năm</span></p>\r\n<p> <span>- Ưu tiên ứng viên có kinh nghiệm bóc thầu hoặc đã thi công trên công trường</span></p>\r\n<p> <span><strong><u>Kỹ năng:</u></strong></span></p>\r\n<p> <span>- Sử dụng tiếng Anh thành thạo;</span></p>\r\n<p> <span>- Có khả năng làm việc độc lập cũng như theo nhóm;</span></p>\r\n<p> <span><strong><u>Mô tả công việc:</u></strong></span></p>\r\n<p> <span>- Bóc tách khối lượng, triển khai bản vẽ thi công, làm hồ sơ thầu.</span></p>\r\n<p> <span>- Giám sát, triển khai thi công.</span></p>\r\n<p> <span>- Bố trí, sắp xếp công việc trên công trường.</span></p>\r\n<p> <span>- Làm việc với nhà thầu trên công trường (có sử dụng tiếng Anh)</span></p>\r\n<p> <span><strong><u>Quyền lợi được hưởng:</u></strong></span></p>\r\n<p> <span>- Làm việc trong môi trường năng động, mức lương cạnh tranh.<br />\r\n - Các chế độ bảo hiểm y tế, bảo hiểm xã hội theo quy định của pháp luật.<br />\r\n - Ngoài Lương, hưởng các chế độ khác theo năng lực.</span></p>\r\n<p> <span><strong><u>Hồ sơ bao gồm:</u></strong>(bản photo)</span></p>\r\n<p> <span>- Đơn xin việc kèm theo hình ảnh;</span></p>\r\n<p> <span>- Sơ yếu lý lịch;<br />\r\n - Các văn bằng chứng chỉ có liên quan;<br />\r\n - Bản mô tả chi tiết quá trình công tác đến thời điểm hiện tại.</span></p>\r\n', 'engineer.jpg', '03/01/2013'),
(20, 'Công nhân Điện, Cơ khí, Hàn', 'Nhân viên', 10, 'Hà Nội', '7.000.000 VND', '<p rgb(51,="" 51,="" 51);="" font-family:="" arial;="" line-height:="" 16px;="" text-align:="" justify;="" background-color:="" rgb(236,="" 248,="" 255);="" "="" geneva,="" sans-serif;line-height:20px;"=""></p>\r\n<p rgb(51,="" 51,="" 51);="" font-family:="" arial;="" line-height:="" 16px;="" text-align:="" justify;="" background-color:="" rgb(236,="" 248,="" 255);="" "="" geneva,="" sans-serif;line-height:20px;"=""></p>\r\n<p rgb(51,="" 51,="" 51);="" font-family:="" arial;="" line-height:="" 16px;="" text-align:="" justify;="" background-color:="" rgb(236,="" 248,="" 255);="" "="" geneva,="" sans-serif;line-height:20px;"=""></p>\r\n<p rgb(51,="" 51,="" 51);="" font-family:="" arial;="" line-height:="" 16px;="" text-align:="" justify;="" background-color:="" rgb(236,="" 248,="" 255);="" "="" geneva,="" sans-serif;line-height:20px;"=""></p>\r\n<p rgb(51,="" 51,="" 51);="" font-family:="" arial;="" line-height:="" 16px;="" text-align:="" justify;="" background-color:="" rgb(236,="" 248,="" 255);="" "="" geneva,="" sans-serif;line-height:20px;"=""></p>\r\n<p rgb(51,="" 51,="" 51);="" font-family:="" arial;="" line-height:="" 16px;="" text-align:="" justify;="" background-color:="" rgb(236,="" 248,="" 255);="" "="" geneva,="" sans-serif;line-height:20px;"=""></p>\r\n<p rgb(51,="" 51,="" 51);="" font-family:="" arial;="" line-height:="" 16px;="" text-align:="" justify;="" background-color:="" rgb(236,="" 248,="" 255);="" "="" geneva,="" sans-serif;line-height:20px;"=""></p>\r\n<p rgb(51,="" 51,="" 51);="" font-family:="" arial;="" line-height:="" 16px;="" text-align:="" justify;="" background-color:="" rgb(236,="" 248,="" 255);="" "="" geneva,="" sans-serif;line-height:20px;"=""></p>\r\n<p rgb(51,="" 51,="" 51);="" font-family:="" arial;="" line-height:="" 16px;="" text-align:="" justify;="" background-color:="" rgb(236,="" 248,="" 255);="" "="" geneva,="" sans-serif;line-height:20px;"=""></p>\r\n<p rgb(51,="" 51,="" 51);="" font-family:="" arial;="" line-height:="" 16px;="" text-align:="" justify;="" background-color:="" rgb(236,="" 248,="" 255);="" "="" geneva,="" sans-serif;line-height:20px;"=""></p>\r\n<p rgb(51,="" 51,="" 51);="" font-family:="" arial;="" line-height:="" 16px;="" text-align:="" justify;="" background-color:="" rgb(236,="" 248,="" 255);="" "="" geneva,="" sans-serif;line-height:20px;"=""></p>\r\n<p rgb(51,="" 51,="" 51);="" font-family:="" arial;="" line-height:="" 16px;="" text-align:="" justify;="" background-color:="" rgb(236,="" 248,="" 255);="" "="" geneva,="" sans-serif;line-height:20px;"=""></p>\r\n<p rgb(51,="" 51,="" 51);="" font-family:="" arial;="" line-height:="" 16px;="" text-align:="" justify;="" background-color:="" rgb(236,="" 248,="" 255);="" "="" geneva,="" sans-serif;line-height:20px;"=""></p>\r\n<p rgb(51,="" 51,="" 51);="" font-family:="" arial;="" line-height:="" 16px;="" text-align:="" justify;="" background-color:="" rgb(236,="" 248,="" 255);="" "="" geneva,="" sans-serif;line-height:20px;"=""><p><strong><u>Yêu cầu:</u></strong></p>\r\n<p>- Trình độ: Đại học</p>\r\n<p>- Số năm kinh nghiệm: 2 năm</p>\r\n<p>- Ưu tiên ứng viên có kinh nghiệm bóc thầu hoặc đã thi công trên công trường</p>\r\n<p><strong><u>Kỹ năng:</u></strong></p>\r\n<p>- Sử dụng tiếng Anh thành thạo;</p>\r\n<p>- Có khả năng làm việc độc lập cũng như theo nhóm;</p>\r\n<p><strong><u>Mô tả công việc:</u></strong></p>\r\n<p>- Bóc tách khối lượng, triển khai bản vẽ thi công, làm hồ sơ thầu.</p>\r\n<p>- Giám sát, triển khai thi công.</p>\r\n<p>- Bố trí, sắp xếp công việc trên công trường.</p>\r\n<p>- Làm việc với nhà thầu trên công trường (có sử dụng tiếng Anh)</p>\r\n<p><strong><u>Quyền lợi được hưởng:</u></strong></p>\r\n<p>- Làm việc trong môi trường năng động, mức lương cạnh tranh.<br />\r\n- Các chế độ bảo hiểm y tế, bảo hiểm xã hội theo quy định của pháp luật.<br />\r\n- Ngoài Lương, hưởng các chế độ khác theo năng lực.</p>\r\n<p><strong><u>Hồ sơ bao gồm:</u></strong>(bản photo)</p>\r\n<p>- Đơn xin việc kèm theo hình ảnh;</p>\r\n<p>- Sơ yếu lý lịch;<br />\r\n- Các văn bằng chứng chỉ có liên quan;<br />\r\n- Bản mô tả chi tiết quá trình công tác đến thời điểm hiện tại.</p>\r\n</p>\r\n', 'thumb.gif', '05/01/2013'),
(21, 'Kỹ sư Cấp thoát nước', 'Nhân viên', 5, 'Hà Nội', '7.000.000 VND', '<p rgb(51,="" 51,="" 51);="" font-family:="" arial;="" line-height:="" 16px;="" text-align:="" justify;="" background-color:="" rgb(236,="" 248,="" 255);="" "="" geneva,="" sans-serif;line-height:20px;"=""></p>\r\n<p rgb(51,="" 51,="" 51);="" font-family:="" arial;="" line-height:="" 16px;="" text-align:="" justify;="" background-color:="" rgb(236,="" 248,="" 255);="" "="" geneva,="" sans-serif;line-height:20px;"=""></p>\r\n<p rgb(51,="" 51,="" 51);="" font-family:="" arial;="" line-height:="" 16px;="" text-align:="" justify;="" background-color:="" rgb(236,="" 248,="" 255);="" "="" geneva,="" sans-serif;line-height:20px;"=""></p>\r\n<p rgb(51,="" 51,="" 51);="" font-family:="" arial;="" line-height:="" 16px;="" text-align:="" justify;="" background-color:="" rgb(236,="" 248,="" 255);="" "="" geneva,="" sans-serif;line-height:20px;"=""></p>\r\n<p rgb(51,="" 51,="" 51);="" font-family:="" arial;="" line-height:="" 16px;="" text-align:="" justify;="" background-color:="" rgb(236,="" 248,="" 255);="" "="" geneva,="" sans-serif;line-height:20px;"=""></p>\r\n<p rgb(51,="" 51,="" 51);="" font-family:="" arial;="" line-height:="" 16px;="" text-align:="" justify;="" background-color:="" rgb(236,="" 248,="" 255);="" "="" geneva,="" sans-serif;line-height:20px;"=""></p>\r\n<p rgb(51,="" 51,="" 51);="" font-family:="" arial;="" line-height:="" 16px;="" text-align:="" justify;="" background-color:="" rgb(236,="" 248,="" 255);="" "="" geneva,="" sans-serif;line-height:20px;"=""></p>\r\n<p rgb(51,="" 51,="" 51);="" font-family:="" arial;="" line-height:="" 16px;="" text-align:="" justify;="" background-color:="" rgb(236,="" 248,="" 255);="" "="" geneva,="" sans-serif;line-height:20px;"=""></p>\r\n<p rgb(51,="" 51,="" 51);="" font-family:="" arial;="" line-height:="" 16px;="" text-align:="" justify;="" background-color:="" rgb(236,="" 248,="" 255);="" "="" geneva,="" sans-serif;line-height:20px;"=""></p>\r\n<p rgb(51,="" 51,="" 51);="" font-family:="" arial;="" line-height:="" 16px;="" text-align:="" justify;="" background-color:="" rgb(236,="" 248,="" 255);="" "="" geneva,="" sans-serif;line-height:20px;"=""></p>\r\n<p rgb(51,="" 51,="" 51);="" font-family:="" arial;="" line-height:="" 16px;="" text-align:="" justify;="" background-color:="" rgb(236,="" 248,="" 255);="" "="" geneva,="" sans-serif;line-height:20px;"=""></p>\r\n<p rgb(51,="" 51,="" 51);="" font-family:="" arial;="" line-height:="" 16px;="" text-align:="" justify;="" background-color:="" rgb(236,="" 248,="" 255);="" "="" geneva,="" sans-serif;line-height:20px;"=""></p>\r\n<p rgb(51,="" 51,="" 51);="" font-family:="" arial;="" line-height:="" 16px;="" text-align:="" justify;="" background-color:="" rgb(236,="" 248,="" 255);="" "="" geneva,="" sans-serif;line-height:20px;"=""></p>\r\n<p rgb(51,="" 51,="" 51);="" font-family:="" arial;="" line-height:="" 16px;="" text-align:="" justify;="" background-color:="" rgb(236,="" 248,="" 255);="" "="" geneva,="" sans-serif;line-height:20px;"=""><p><strong><u>Yêu cầu:</u></strong></p>\r\n<p>- Trình độ: Đại học</p>\r\n<p>- Số năm kinh nghiệm: 2 năm</p>\r\n<p>- Ưu tiên ứng viên có kinh nghiệm bóc thầu hoặc đã thi công trên công trường</p>\r\n<p><strong><u>Kỹ năng:</u></strong></p>\r\n<p>- Sử dụng tiếng Anh thành thạo;</p>\r\n<p>- Có khả năng làm việc độc lập cũng như theo nhóm;</p>\r\n<p><strong><u>Mô tả công việc:</u></strong></p>\r\n<p>- Bóc tách khối lượng, triển khai bản vẽ thi công, làm hồ sơ thầu.</p>\r\n<p>- Giám sát, triển khai thi công.</p>\r\n<p>- Bố trí, sắp xếp công việc trên công trường.</p>\r\n<p>- Làm việc với nhà thầu trên công trường (có sử dụng tiếng Anh)</p>\r\n<p><strong><u>Quyền lợi được hưởng:</u></strong></p>\r\n<p>- Làm việc trong môi trường năng động, mức lương cạnh tranh.<br />\r\n- Các chế độ bảo hiểm y tế, bảo hiểm xã hội theo quy định của pháp luật.<br />\r\n- Ngoài Lương, hưởng các chế độ khác theo năng lực.</p>\r\n<p><strong><u>Hồ sơ bao gồm:</u></strong>(bản photo)</p>\r\n<p>- Đơn xin việc kèm theo hình ảnh;</p>\r\n<p>- Sơ yếu lý lịch;<br />\r\n- Các văn bằng chứng chỉ có liên quan;<br />\r\n- Bản mô tả chi tiết quá trình công tác đến thời điểm hiện tại.</p>\r\n</p>\r\n', 'thumb.jpg', '05/01/2013');

-- --------------------------------------------------------

--
-- Table structure for table `tbl_customer`
--

CREATE TABLE IF NOT EXISTS `tbl_customer` (
  `customer_id` int(10) unsigned NOT NULL AUTO_INCREMENT,
  `customer_name` varchar(200) CHARACTER SET utf8 NOT NULL,
  `customer_user` varchar(200) CHARACTER SET utf8 NOT NULL,
  `customer_address` varchar(200) CHARACTER SET utf8 NOT NULL,
  `customer_url` varchar(150) CHARACTER SET utf8 NOT NULL,
  `customer_info` text CHARACTER SET utf8 NOT NULL,
  `customer_image` varchar(150) CHARACTER SET utf8 NOT NULL,
  `customer_avatar` varchar(200) CHARACTER SET utf8 NOT NULL,
  `customer_website` varchar(200) CHARACTER SET utf8 NOT NULL,
  `customer_order` int(10) NOT NULL,
  `customer_status` int(1) NOT NULL DEFAULT '0',
  `customer_active` int(10) NOT NULL,
  `cate_id` int(10) NOT NULL,
  PRIMARY KEY (`customer_id`)
) ENGINE=InnoDB  DEFAULT CHARSET=latin1 AUTO_INCREMENT=11 ;

--
-- Dumping data for table `tbl_customer`
--

INSERT INTO `tbl_customer` (`customer_id`, `customer_name`, `customer_user`, `customer_address`, `customer_url`, `customer_info`, `customer_image`, `customer_avatar`, `customer_website`, `customer_order`, `customer_status`, `customer_active`, `cate_id`) VALUES
(1, 'Siêu Thị Trực Tuyến Meta', 'Bà VŨ THỊ NGỌC TRINH - Phó Tổng Giám Đốc.', 'Hà Nội ', 'www.meta.vn', '<span>North Star&#160;</span><span>là một doanh nghiệp với đội ngũ nhân viên trẻ nhưng năng động, sáng tạo, phong cách phục vụ và chăm sóc khách hàng tốt. Chúng tôi rất hài lòng với dịch vụ do </span><span><b>North Star</b></span>', 'meta_logo.jpg', 'minhdung.jpg', 'meta.gif', 1, 1, 1, 52),
(2, 'Nhà Hàng Long Đình', 'Ông NGUYỄN KHẮC CHIẾN ', 'Hà Nội ', 'www.longdinh.vn', '<span>Chúng tôi là doanh nghiệp có mạng lưới rộng trên cả nước. Khách hàng biết đến sản phẩm của chúng tôi chủ yếu qua website. Cám ơn&#160;</span><span>North Star&#160;</span><span>đã cho chúng tôi sự yên tâm khi hợp tác cùng các bạn.</span>', 'small_longdinh.jpg', 'binhminh-window.jpg', 'longdinh.gif', 8, 1, 1, 52),
(3, 'Flamingo Đại Lải', 'Ông. TRƯƠNG LÂM - Tiến Sỹ và Chủ tịch HĐQT.', 'Phúc Yên - Vĩnh Phúc', ' www.flamingodailai.com', '<span>Tôi thấy các dịch vụ của </span><span><b>North Star</b></span><span>&#160;đã và đang mang lại cho chúng tôi sự tin tưởng. Mong quý công ty cố gắng phát huy tốt hơn nữa để tạo được uy tín cho công ty và sụ tin tưởng từ khách hàng</span>', 'flamingo-dailai-resort-logo.gif', 'thanhhoa.jpg', 'flamingo.gif', 2, 1, 1, 124),
(4, 'Đồng hồ GalleWatch', 'Ông. ĐINH NHỰT THUẬN - Giám Đốc', 'Hà Nội', 'www.gallewatch.com', '<span>North Star&#160;</span><span>đã thực hiện yêu cầu của công ty chúng tôi trong thời gian sớm nhất, đội ngũ nhân viên nhiệt tình</span>', 'gallewatch_logo.jpg', 'universal-ykien.jpg', 'gallewatch.gif', 3, 1, 1, 52),
(5, 'Vietlandscape Travel', 'Chị HỒ THỊ KIM LOAN - General Director.', 'Hà Nội ', 'www.vietlandscape.com.vn', '<span background-color:="" text-align:="" line-height:="" font-style:="" font-size:="" font-family:="">Lúc đầu tôi đã quyết định hợp tác với&#160;</span><span font-weight:="" background-color:="" text-align:="" line-height:="" font-style:="" font-size:="" font-family:="">North Star&#160;</span><span background-color:="" text-align:="" line-height:="" font-style:="" font-size:="" font-family:="">vì tôi tin tưởng vào uy tín cũng như phong cách làm việc rất sáng tạo, cùng với một đội ngũ nhân viên nhiệt tình đã làm cho tôi rất hài lòng với quyết định của mình.&#160;</span><span font-weight:="" background-color:="" text-align:="" line-height:="" font-style:="" font-size:="" font-family:="">North Star</span><span background-color:="" text-align:="" line-height:="" font-style:="" font-size:="" font-family:="">&#160;chính là một lựa chọn đúng đắn của tôi.</span>', 'hanna-instruments-logo.jpg', 'vietlandscape.jpg', 'intro-duan-andat.jpg', 4, 1, 1, 52),
(6, 'Du Lịch Hoàn Mỹ', 'Ông NGUYỄN THẾ KHẢI - Giám Đốc', 'Hà Nội ', 'www.dulichhoanmy.com', '&#160;<span>Đội ngũ của&#160;</span><span>North Star&#160;</span><span>tuy còn rất trẻ nhưng làm việc rất chuyên nghiệp và tận tâm, nhất là khâu bảo trì website sau khi nghiệm thu. Tôi hoàn toàn hài lòng với trang web hiện tại của công ty</span><span>.</span>', 'cong-ty-du-lich-hoan-my.jpg', 'hoanmy.jpg', 'du-lich-hoan-my.gif', 0, 1, 1, 52),
(7, '9Wall - Free Wallpapers', 'Chị NGUYỄN MINH THẢO - Director.', 'Hà Nội ', ' www.9wall.com', '&#160;<span>Tôi biết đến&#160;</span><span>North Star</span><span>&#160;qua sự giới thiệu của một người bạn đã tin tưởng và sử dụng dịch vụ của&#160;</span><span>North Star</span><span>. Tôi rất thích cách làm việc của các bạn ở&#160;</span><span>North Star</span><span>, họ trẻ và năng động chính vì vậy họ có những ý tưởng rất sáng tạo. Tôi rất hài lòng với website hiện nay của mình</span>', 'nhanhoanghia-logo.jpg', '9wall.jpg', '', 7, 1, 0, 88),
(8, 'Klever Fruits', 'Ông HOÀNG LÊ NHU - Giám Đóc', 'Hà Nội ', 'www.kleverfruits.com.vn', '&#160;<span>Đối với nhều khách hàng, hiện nay có rất nhiều chọn lựa để có thể có thể thiết kế một website đẹp nhưng điều mà tôi quan tâm chính là chất lượng dịch vụ và chăm sóc khách hàng - một yếu tố rất quan trọng tạo cho bạn sự an tâm nhất định cho việc phát triển lâu dài - tôi đã chọn và ưng ý với&#160;</span><span>North Star</span><span>&#160;về điều này</span>', '20120412114147_kfruit21.gif', 'baothienan.jpg', 'klever.jpg', 5, 1, 1, 52),
(9, 'Công ty Đan Long', 'Ông. LÊ THANH BÌNH - Manager', 'Hà Nội ', 'www.lotuslogistics.com.vn', '<div><span background-color:="">North Star</span><span font-weight:="" font-size:="" background-color:="" text-align:="" line-height:="" font-style:="" font-family:="">&#160;</span><span background-color:="" text-align:="" line-height:="" font-style:="" font-size:="" font-family:="">is one of best providers on website designation. Its after-sales service is good&#160;</span></div>', 'aup-logo.jpg', 'lotus-logistic.jpg', 'anhkhoi-intro-duan.jpg', 6, 1, 1, 52),
(10, 'Thời Trang Belly', 'Ms Lan Anh', 'Đống Đa- Hà Nội', 'www.belly.vn', 'Tôi rất hài lòng về dịch vụ của North Star<br />', 'bell_logo.jpg', 'mshanh.jpg', 'belly.gif', 9, 1, 1, 52);

-- --------------------------------------------------------

--
-- Table structure for table `tbl_education`
--

CREATE TABLE IF NOT EXISTS `tbl_education` (
  `edu_id` int(10) unsigned NOT NULL AUTO_INCREMENT,
  `edu_info` text CHARACTER SET utf8 NOT NULL,
  `edu_full` longtext CHARACTER SET utf8 NOT NULL,
  `edu_status` int(1) NOT NULL DEFAULT '1',
  PRIMARY KEY (`edu_id`)
) ENGINE=InnoDB  DEFAULT CHARSET=latin1 AUTO_INCREMENT=2 ;

--
-- Dumping data for table `tbl_education`
--

INSERT INTO `tbl_education` (`edu_id`, `edu_info`, `edu_full`, `edu_status`) VALUES
(1, '<span>PHP</span>&#160;&amp; MYSQL<span> hiện nay được dùng rất nhiều vào việc xây dựng các ứng dụng Web, nắm vững kiến thức và kỹ năng về thiết kế và xây dựng website bằng PHP &amp; MySQL giúp bạn có được một nghề dễ tìm việc với thu nhập cao và ổn định.</span>', '<b none="">1.&#160;<a href="http://phpandmysql.net/hoc-php/tai-sao-nen-hoc-php-ma-khong-hoc-cac-ngon-ngu-lap-trinh-khac-94.html" target="_blank" none="">Tại sao nên học PHP?</a></b><br none="" />\n<br none="" />\n<div none="">a. So với các ngôn ngữ lập trình khác thì PHP luôn được các nhà tuyển dụng săn đón, tại sao?</div>\n<br none="" />\n<div none="">- Doanh nghiệp nào cũng phải có website, cửa hàng nào cũng cần có web bán hàng<br none="" />\n- Nghe nhạc, xem phim, đọc báo, mua hàng … tất cả cần phải có web</div>\n<br none="" />\n<div none="">b. Lương lập trình viên PHP khá cao, trung bình từ 7 – 10tr không kể các công ty nước ngoài cao hơn rất nhiều. Bạn không tin có thể vào các trang tuyển dụng việc làm sẽ thấy.</div>\n<br none="" />\n<div none="">c. Nhất là ở Hà Nội này, lập trình viên PHP giỏi còn rất ít, để tuyển được một ứng viên giỏi là rất khó, vì tôi cũng đã tuyển dụng nhiều rồi. Nếu bạn là người có kinh nghiệm tuyển dụng trong ngành IT bạn sẽ thấy lời tôi nói hoàn toàn đúng đắn.</div>\n<br none="" />\n<b none="">2.&#160;<a href="http://phpandmysql.net/hoc-php/nhung-ai-nen-hoc-php-dieu-kien-can-va-du-la-gi-101.html" target="_blank" none="">Những ai nên học PHP?</a></b><br none="" />\n<br none="" />\n<div none="">Hầu như các bạn sinh viên ra trường đều làm trái ngành mình đã học, làm cộng tác viên cho các công ty với mức lương 1.5 – 2tr / tháng…, cứ làm như vậy thử hỏi các bạn bao giờ có thể nâng cao trình độ của mình được? 1 năm, 2 năm hay hơn thế nữa ?? vì mỗi năm có hàng ngàn sinh viên ra trường nếu cứ sàn sàn như vậy thì làm sao có thể xin được việc tốt.<br none="" />\n<br none="" />\nTheo mình thì các bạn hãy xác định học một cái gì đó, cái gì cũng được miễn là mình thích và đam mê nó thì mới học được. Theo nó và xác định đó là nghề nghiệp của mình. Dành thời gian ra học chính nó thôi, không ai giỏi được tất cả đâu các bạn ah. Từ những năm 2 – 3 DH bạn hãy học dần và xin đi thực tập tại các công ty, sau này ra trường là bạn đã có công việc ổn định rồi đúng không ?<br none="" />\n<br none="" />\nSáu tháng đến 1 năm không phải quá dài mà cũng không phải là ngắn, nó trôi qua rất nhanh. Hãy cứ bắt đầu đi rồi sẽ có kết thúc các bạn ạ.</div>\n<span>Những ai nên&#160;</span><b none="">học lập trình PHP</b><span>&#160;?</span><br none="" />\n<br none="" />\n<div none="">a. Các bạn sinh viên ngành CNTT là thích hợp nhất, nhưng yếu tố quan trọng nhất là đam mê<br none="" />\n<br none="" />\nb. Designer muốn học cắt html css nâng cao thu nhập<br none="" />\n<br none="" />\nc. Các doanh nghiệp, đơn vị muốn học quản trị website<br none="" />\n<br none="" />\nd. Tất cả các đối tượng đam mê lập trình, muốn học để có một nghề nghiệp ổn định</div>\n<br none="" />\n<br none="" />\n<b none="">3. Chương trình học như thế nào?</b><br none="" />\n<br none="" />\n<div none="">Không giống như các trung tâm, Tôi chỉ dạy gia sư cho các bạn thôi, mỗi khoá học chỉ từ 6 – 7 bạn, hiện tại cũng có nhiều bạn là sinh viên aptech, các anh chị đã đi làm đang học ở chỗ tôi.<br none="" />\n<br none="" />\nĐể có thể đi làm được ít nhất bạn cũng phải học qua các&#160;<a href="http://phpandmysql.net/khoa-hoc.html" target="_blank" none="">khoá học lập trình PHP</a>&#160;sau, chi tiết bạn click vào xem từng khoá nhé.</div>\n<br none="" />\n<div none="">1. <a href="http://phpandmysql.net/khoa-hoc/khoa-hoc-html-css/18.html" target="_blank" none="">Khoá học html css , dựng giao diện website</a><br none="" />\n2. <a href="http://phpandmysql.net/khoa-hoc/khoa-hoc-php-can-ban/20.html" target="_blank" none="">Khoá học PHP căn bản</a><br none="" />\n3. <a href="http://phpandmysql.net/khoa-hoc/khoa-hoc-php-nang-cao/21.html" target="_blank" none="">Khoá học PHP nâng cao</a><br none="" />\n4. <a href="http://phpandmysql.net/khoa-hoc/khoa-hoc-php-framework/22.html" target="_blank" none="">Khoá học PHP Framework</a></div>\n<br none="" />\n<div none="">Chương trình học các bạn có thể xem chi tiết tại website của tôi :&#160;<a href="http://phpandmysql.net/" target="_blank" none="">http://phpandmysql.net/</a></div>\n<br none="" />\n<div none="">Thời gian cho cả 4&#160;<a href="http://phpandmysql.net/khoa-hoc.html" target="_blank" none="">khoá học lập trình PHP</a>&#160;vào khoảng 8 tháng. Không như những trung tâm, họ chỉ dạy có 10 buổi với lại 1,5 đến 2 tháng mà họ cam kết có thể đi làm được, xin lỗi các bạn 2 tháng chỉ đủ cho bạn học html css, nếu các bạn không chịu khó còn không làm được&#160;<img src="http://www.vn-zoom.com/images/smilies/4.gif" border="0" alt="" title="cười nhăn răng" class="inlineimg" none="" />.</div>\n<br none="" />\n<div none="">+ Học phí mỗi khoá thấp hơn các trung tâm, thời gian học nhiều hơn các trung tâm, các trung tâm họ chỉ dạy trong vòng 1,5 - 2 tháng cho cả cơ bản và nâng cao</div>\n<br none="" />\n<div none="">+ Mỗi bài học chúng ta sẽ có bài tập cụ thể để thực hành, nếu bạn đã xác định học thì chắc chắn sẽ đi làm được, nếu không làm được tôi hoàn tiền cho bạn, coi như bạn học free 7 8 tháng&#160;<img src="http://www.vn-zoom.com/images/smilies/1.gif" border="0" alt="" title="vui vẻ" class="inlineimg" none="" /></div>\n<br none="" />\n<div none="">+ Kết thúc khoá học tối sẽ hướng dẫn các bạn viết từ a - z một dự án thực tế, chủ để là do các bạn chọn, website tin tức , website bán hàng…</div>\n<br none="" />\n<div none="">Vì vậy nếu bạn xác định học để vào được các công ty lớn làm việc, có nhiều cơ hội thăng tiến thì bạn nên suy nghĩ học ở đâu tốt nhé</div>\n<br none="" />\n<b none="">4. Tôi là ai ? tôi làm gì ?</b><br none="" />\n<br none="" />\n<div none="">Tôi là học trò của Thầy Kenny Huy QHOnline, đã tốt nghiệp khoá học Lập trình PHP MYSQL tại&#160;<b none="">Trung Tâm Đào Tạo Mạng và Công Nghệ Việt Chuyên</b>, Phường 12 – Quận 10 – TP. HCM<br none="" />\n<br none="" />\nHiện tôi đang làm marketing bán hàng online cho Paradise Cruises, một công ty du lịch lớn nhất Hạ Long, ngoài công việc chính tôi muốn dạy gia sư kiếm thêm thu nhập&#160;<img src="http://www.vn-zoom.com/images/smilies/1.gif" border="0" alt="" title="vui vẻ" class="inlineimg" none="" /><br none="" />\n<br none="" />\n<u none="">Liên hệ với tôi :&#160;</u><br none="" />\n<br none="" />\n<ol class="decimal" none="">\n    <li none="" decimal="">Name : Hà Hữu Đôn</li>\n    <li none="" decimal="">Phone : 0974.136.509</li>\n    <li none="" decimal="">Mail :&#160;<a href="mailto:haanhdon@gmail.com" none="">haanhdon@gmail.com</a></li>\n    <li none="" decimal="">Yahoo : Northstar189</li>\n    <li none="" decimal="">Skype : Northstarvn</li>\n    <li none="" decimal="">Website :&#160;<a href="http://phpandmysql.net/" target="_blank" none="">www. phpandmysql.net</a></li>\n</ol>\n</div>\n<br none="" />\n<b none="">5. Sau khi học xong</b><br none="" />\n<br none="" />\n<div none="">Sau khi học xong ít nhất bạn cũng làm được một số website như sau ( cũng đủ cho bạn đi xin việc với mức lương 6tr -7tr / tháng, quan trọng là bạn phải chịu khó học) :<br none="" />\n<br none="" />\n1. <a href="http://hoangbinh.vn/" target="_blank" none="">http://hoangbinh.vn/</a><br none="" />\n<br none="" />\n2. <a href="http://giaphupet.vn/" target="_blank" none="">http://giaphupet.vn/</a><br none="" />\n<br none="" />\n3. <a href="http://hanoihalongtours.com/" target="_blank" none="">http://hanoihalongtours.com/</a><br none="" />\n<br none="" />\n4. <a href="http://www.wlinktravel.com/" target="_blank" none="">http://www.wlinktravel.com/</a><br none="" />\n<br none="" />\n5. <a href="https://www.paradisecruises.vn/" target="_blank" none="">https://www.paradisecruises.vn/</a><br none="" />\n<br none="" />\nHọc xong bạn mà thấy chưa hiểu phần nào, tôi sẽ cho bạn học cùng các bạn khác.<br none="" />\n<br none="" />\nVì chỉ dạy gia sư ít người nên các bạn có nhiều cơ hội học tập hơn là đại trà của các&#160;<a href="http://phpandmysql.net/hoc-php/trung-tam-dao-tao-lap-trinh-php-tot-nhat-o-ha-noi-104.html" target="_blank" none="">trung tâm đào tạo lập trình</a><br none="" />\n<br none="" />\nCác bạn cứ yên tâm là hỏi gì tôi sẽ trả lời cái đó, không hiểu phần nào sẽ hướng dẫn các bạn lại phần đó, các bạn có thể tham khảo các bạn đã và đang tham gia&#160;<a href="http://phpandmysql.net/khoa-hoc.html" target="_blank" none="">khoá học lập trình PHP</a>&#160;<a href="http://phpandmysql.net/danh-gia-cua-hoc-vien.html" target="_blank" none="">tại đây</a>&#160;nhé<br none="" />\n<br none="" />\nHỌC THIẾT KẾ WEB TẠI&#160;<a href="http://phpandmysql.net/" target="_blank" none="">PHPANDMYSQL.NET</a><br none="" />\n<a href="http://phpandmysql.net/khoa-hoc.html" target="_blank" none="">KHOÁ HỌC LẬP TRÌNH PHP TẠI HÀ NỘI</a><br none="" />\n<a href="http://phpandmysql.net/hoc-php/hoc-php-o-dau-tot-nhat-103.html" target="_blank" none="">HỌC THIẾT KẾ WEB Ở ĐÂU TỐT NHẤT ?&#160;</a><br none="" />\n<a href="http://phpandmysql.net/" target="_blank" none="">HỌC THIẾT KẾ WEBSITE Ở HÀ NỘI</a><br none="" />\n<a href="http://phpandmysql.net/" target="_blank" none="">HỌC LẬP TRÌNH PHP Ở ĐÂU TỐT NHẤT?</a><br none="" />\n<a href="http://phpandmysql.net/" target="_blank" none="">HỌC LẬP TRÌNH PHP TẠI HÀ NỘI</a><br none="" />\n<a href="http://phpandmysql.net/html-css-124.html" target="_blank" none="">HTML CSS</a>&#160;-&#160;<a href="http://phpandmysql.net/php-can-ban-52.html" target="_blank" none="">PHP CĂN BẢN</a>&#160;-&#160;<a href="http://phpandmysql.net/php-nang-cao-88.html" target="_blank" none="">PHP NÂNG CAO</a>&#160;-&#160;<a href="http://phpandmysql.net/php-framework-126.html" target="_blank" none="">PHP FRAMEWORK</a></div>', 0);

-- --------------------------------------------------------

--
-- Table structure for table `tbl_intro`
--

CREATE TABLE IF NOT EXISTS `tbl_intro` (
  `in_id` int(10) unsigned NOT NULL AUTO_INCREMENT,
  `in_name` varchar(200) CHARACTER SET utf8 NOT NULL,
  `in_name_rewrite` varchar(200) CHARACTER SET utf8 NOT NULL,
  `in_value` longtext CHARACTER SET utf8 NOT NULL,
  `in_images` varchar(200) CHARACTER SET utf8 NOT NULL,
  `in_order` int(1) NOT NULL,
  PRIMARY KEY (`in_id`)
) ENGINE=MyISAM  DEFAULT CHARSET=latin1 AUTO_INCREMENT=15 ;

--
-- Dumping data for table `tbl_intro`
--

INSERT INTO `tbl_intro` (`in_id`, `in_name`, `in_name_rewrite`, `in_value`, `in_images`, `in_order`) VALUES
(10, 'Năng lực', 'nang-luc', 'Năng lực', '', 2),
(2, 'Giới thiệu chung', 'gioi-thieu-chung', '<h2 class="Lead"  0px; font-size: 14px; font-family: ''Times New Roman'', Times, serif; color: rgb(95, 95, 95); line-height: 18px; background-color: rgb(244, 245, 246);">Cuộc khủng hoảng con tin ở Algeria bắt đầu sáng 16/1 và đang tiếp diễn, gây chấn động thế giới. Sinh mạng của vài chục con tin nước ngoài chưa được làm rõ.<br />\n&gt;&#160;<a href="http://vnexpress.net/gl/the-gioi/2013/01/60-con-tin-nuoc-ngoai-bat-vo-am-tin-o-algeria/" class="Lead"  none; padding: 3px 0px 0px; font-size: 11px; line-height: normal; font-family: arial; color: rgb(102, 102, 102); text-decoration: initial;">60 con tin nước ngoài bặt vô âm tín ở Algeria</a>&#160;<br />\n&gt;&#160;<a href="http://vnexpress.net/gl/the-gioi/2013/01/phien-quan-algeria-bat-coc-41-con-tin-nuoc-ngoai/" class="Lead"  none; padding: 3px 0px 0px; font-size: 11px; line-height: normal; font-family: arial; color: rgb(102, 102, 102); text-decoration: initial;">Phiến quân Algeria bắt con tin nước ngoài</a></h2>\n<table cellspacing="0" cellpadding="3" width="1" align="center" border="0"  rgb(0, 0, 0); font-size: 16px; background-color: rgb(244, 245, 246);">\n    <tbody>\n        <tr>\n            <td  top;"><img src="http://vnexpress.net/Files/Subject/3b/be/0d/e7/hostages-crisis.jpg" width="480" height="389" border="1" alt="Ảnh: BBC" /></td>\n        </tr>\n        <tr>\n            <td class="Image"  arial; color: rgb(102, 102, 102); padding-top: 5px; padding-bottom: 5px; margin-top: 2px; margin-bottom: 2px; vertical-align: top;">Diễn biễn khủng hoảng con tin ở Algeria:&#160;<br />\n            1. Xe buýt chở nhân công Algeria và nước ngoài bị tấn công trên đường đi sân bay.<br />\n            2. Họ trở thành các con tin, bị giam giữ tại khu nhà ở và nhà máy.&#160;<br />\n            3,4,5. Quân đội Algeria bao vây và tấn công phiến quân tại nhà máy In Amenas, ở sa mạc Sahara, miền đông Algeria.&#160;<br />\n            Đồ họa: BBC</td>\n        </tr>\n    </tbody>\n</table>\n<p class="Normal"  16px; line-height: 20px; background-color: rgb(244, 245, 246);"><strong>Sáng sớm 16/1</strong>, một nhóm phiến quân Hồi giáo đã tấn công hai chiếc xe buýt chở nhân viên nhà máy khí đốt đang trên đường đi ra sân bay In Amenas. Chiếc xe cảnh sát hộ tống xe buýt chống trả. Một người Anh và một người Algeria chết ngay trong cuộc đụng độ. Những kẻ bắt cóc sau đó lái ít nhất ba xe tới Tigantourine, miền đông Algeria, đưa các công nhân bản địa cũng như ngoại quốc tới khu vực nhà ở và cơ sở chính của nhà máy khí đốt In Amenas.</p>\n<p class="Normal"  16px; line-height: 20px; background-color: rgb(244, 245, 246);">Những tên phiến quân này được trang bị súng phóng lựu đạn và nói với các con tin rằng chúng đã đặt mìn quanh nhà máy, theo lời một nhân chứng. Theo những thông tin ban đầu, động cơ của hành động bắt cóc con tin là nhằm buộc Pháp ngừng can thiệp quân sự tại nước láng giềng của Algeria, Mali.</p>\n<p class="Normal"  16px; line-height: 20px; background-color: rgb(244, 245, 246);">Trong ngày, lực lượng an ninh và quân đội Algeria được triển khai để bao vây những kẻ bắt cóc. Theo số liệu những tên phiến quân đưa ra, có khoảng 41 con tin nước ngoài đến từ ít nhất 10 quốc tịch khác nhau như Mỹ, Anh, Na Uy, Nhật Bản, Pháp, Philippines... Các lãnh đạo phương tây đã kêu gọi Algeria phải tham vấn với họ trước khi hành động và yêu cầu Algeria đặt sự an toàn của con tin lên hàng đầu.</p>', 'roga11.jpg', 1),
(11, 'Lĩnh vực hoạt động', 'linh-vuc-hoat-dong', 'Thông tin đang cập nhật', '', 3),
(12, 'Dự án nổi bạt', 'du-an-noi-bat', 'Dự án nổi bạt', '', 4);

-- --------------------------------------------------------

--
-- Table structure for table `tbl_intro_one`
--

CREATE TABLE IF NOT EXISTS `tbl_intro_one` (
  `intro_id` int(10) unsigned NOT NULL AUTO_INCREMENT,
  `intro_full` longtext CHARACTER SET utf8 NOT NULL,
  `intro_status` int(1) NOT NULL,
  PRIMARY KEY (`intro_id`)
) ENGINE=InnoDB  DEFAULT CHARSET=latin1 AUTO_INCREMENT=2 ;

--
-- Dumping data for table `tbl_intro_one`
--

INSERT INTO `tbl_intro_one` (`intro_id`, `intro_full`, `intro_status`) VALUES
(1, '<p><strong>NORTH STAR</strong> KHÔNG NGỪNG SÁNG TẠO!<br />\n<br />\n&#160;<span>Được thành lập vào đầu năm 2010, <b>North Star</b>&#160;hướng đến việc áp dụng những công nghệ mới nhất và khả năng thiết kế sáng tạo ưu việt vào những sản phẩm và dịch vụ của Công ty đặc biệt là <strong>thiết kế website</strong>. Đến nay, chúng tôi đã thiết kế website cho hàng trăm đơn vị lớn, nhỏ, trong, ngoài nước và đã khẳng định được vị trí cũng như đẳng cấp của mình trong nghành&#160;thiết kế web.</span></p>\n<br />\n<p>NORTH STAR LÀM ĐƯỢC GÌ CHO BẠN?<br />\n<br />\n<span>Với đội ngũ thiết kế web, thiết kế đồ họa và kỹ sư CNTT trẻ, đầy sáng tạo và năng động, chịu khó và ham học hỏi, cùng sự góp sức của các chuyên gia dày dặn kinh nghiệm về <strong>thiết kế website</strong> và phát triển ứng dụng web trên Internet, chúng tôi tự hào khi mang đến cho khách hàng những website cao cấp với phong cách thiết kế website chuyên nghiệp, để lại ấn tượng sâu sắc trong lòng người viếng thăm, qua đó nâng cao khả năng cạnh tranh cho website cũng như khách hàng trong lĩnh vực quảng bá tên tuổi trên Internet.&#160;</span><span><strong><br />\n</strong></span></p>\n<p><span>Với đội ngũ &#160;nhân viên năng động và sáng tạo,nhiệt huyết &#160;chính những điều này đã giúp chúng tôi thiết kế ra những website, sản phẩm đẹp, mới lạ, ấn tượng, chuyên nghiệp, vì vậy luôn làm hài lòng khách hàng ngay cả với những khách hàng khó tính nhất.&#160;<br />\n<br />\nBên cạnh dịch vụ chính là&#160;thiết kế website, North Star</span><span><strong>&#160;</strong>cũng đang phát triển mạnh dịch vụ “dịch vụ SEO”. Thêm vào đó để hỗ trợ cho khách hàng một cách tốt nhất và tạo nên giá trị gia tăng cho dịch vụ chính,&#160;<strong>công ty thiết kế web North Star&#160;</strong>còn cung cấp các dịch vụ như: Hosting, Tên miền, Email doanh nghiệp, quảng cáo từ khóa...<br />\n<br />\n<br />\n</span></p>\n<p><span>NORTH STAR COMPANY<br />\n<br />\nChúng tôi cung cấp những giải pháp tốt nhất cho Doanh Nghiệp của bạn.<br />\n<br />\n</span></p>\n<p>Liên hệ: Số 100 Kiều Mai - Từ Liêm - Hà Nội<br />\nĐiện thoại:&#160;<span>0976.256.106</span>&#160;- Hotline:&#160;<span>0974.136.509</span></p>', 1);

-- --------------------------------------------------------

--
-- Table structure for table `tbl_menu`
--

CREATE TABLE IF NOT EXISTS `tbl_menu` (
  `menu_id` int(10) unsigned NOT NULL AUTO_INCREMENT,
  `menu_name` varchar(200) CHARACTER SET utf8 NOT NULL,
  `menu_rewrite` varchar(200) CHARACTER SET utf8 NOT NULL,
  `menu_order` int(1) NOT NULL,
  `menu_status` int(1) NOT NULL DEFAULT '1',
  PRIMARY KEY (`menu_id`)
) ENGINE=InnoDB  DEFAULT CHARSET=latin1 AUTO_INCREMENT=4 ;

--
-- Dumping data for table `tbl_menu`
--

INSERT INTO `tbl_menu` (`menu_id`, `menu_name`, `menu_rewrite`, `menu_order`, `menu_status`) VALUES
(1, 'Giới thiệu', 'gioi-thieu', 1, 1),
(2, 'Thế mạnh', 'the-manh', 2, 1),
(3, 'Kiến thức', 'kien-thuc', 3, 1);

-- --------------------------------------------------------

--
-- Table structure for table `tbl_news`
--

CREATE TABLE IF NOT EXISTS `tbl_news` (
  `news_id` int(10) unsigned NOT NULL AUTO_INCREMENT,
  `news_title` varchar(255) NOT NULL,
  `news_rewrite` varchar(200) NOT NULL,
  `news_author` varchar(100) NOT NULL,
  `news_info` text NOT NULL,
  `news_full` longtext NOT NULL,
  `news_tags` varchar(255) NOT NULL,
  `news_images` varchar(255) NOT NULL,
  `news_date` varchar(100) NOT NULL,
  `cago_id` int(10) unsigned NOT NULL,
  PRIMARY KEY (`news_id`)
) ENGINE=MyISAM  DEFAULT CHARSET=utf8 AUTO_INCREMENT=100 ;

--
-- Dumping data for table `tbl_news`
--

INSERT INTO `tbl_news` (`news_id`, `news_title`, `news_rewrite`, `news_author`, `news_info`, `news_full`, `news_tags`, `news_images`, `news_date`, `cago_id`) VALUES
(93, 'Facebook ra mắt công cụ quảng cáo ', 'facebook-ra-mat-cong-cu-quang-cao', 'Genk.vn', 'gày hôm qua (20/3), Facebook đã công bố ra mắt tính năng "lookalike audiences" (tạm dịch: người dùng giống nhau), một lựa chọn quảng cáo mới cho phép các công ty quảng cáo tiếp cận với những người dùng có đặc điểm giống như khách hàng hiện thời của mình.', '<div>&#160;</div>\n<div>\n<div src="http://genk2.vcmedia.vn/DlBlzccccccccccccE5CT3hqq3xN9o/Image/2012/12/facebook_logo_currency_background-4f18b.jpg" alt="Facebook ra mắt công cụ quảng cáo " title="Facebook ra mắt công cụ quảng cáo ">&#160;</div>\n</div>\n<div>&#160;</div>\n<div>&#160;</div>\n<div>Theo  trang công nghệ Cnet, công cụ tìm kiếm đối tượng quảng cáo, vốn được  Facebook thử nghiệm với một vài công ty quảng cáo trong vài tuần vừa  qua, đã đưa hệ thống lựa chọn đối tượng quảng cáo của mạng xã hội này  lên một tầm cao mới. Các công ty quảng cáo giờ đã có thể lựa chọn ra các  đối tượng quảng cáo một cách thông minh hơn trước.</div>\n<div>&#160;</div>\n<div>Trước  đây, trên Facebook, các mẫu quảng cáo được đưa tới tay các khách hàng  mà một công ty đã có từ trước. "Với lookalike audience, Facebook có thể  sử dụng sở thích hoặc đặc điểm nhân trắc học để đưa các mẫu quảng cáo  đến với những người có đặc điểm giống như các khách hàng hiện tại của  mình", theo một bài viết trên blog của công ty.</div>\n<div>&#160;</div>\n<div>Theo mạng xã hội này, công cụ quảng cáo nói trên sẽ đến tay các công ty quảng cáo vào cuối tuần này.</div>\n<br />', '{"tags":["Facebook","M\\u1ea1ng x\\u00e3 h\\u1ed9i","Google"],"tags_rewrite":["facebook","mang-xa-hoi","google"]}', 'facebook-2.jpg', '2013-03-24 15:42:28', 184),
(94, 'Sau 5 tháng thu phí tải nhạc Lại đầu voi đuôi chuột', 'sau-5-thang-thu-phi-tai-nhac-lai-dau-voi-duoi-chuot', 'Genk', 'Chính thức thử nghiệm thu phí tải nhạc số từ 1/11/2012, từ 5 website ký kết thỏa thuận tăng lên 18 website nhưng sau một tháng đầu tiên, số tiền chỉ thu về vẻn vẹn… 15 triệu đồng. Kết quả này không như mong đợi của các đơn vị cung cấp nội dung nhạc số, các bên kinh doanh và thậm chí là giới sản xuất âm nhạc. Tính khả quan của việc thu phí nhạc số lại một lần nữa được đưa ra bàn luận bởi ngay từ ban đầu, đại đa số người nghe nhạc đều không ủng hộ việc thu phí.', '<p><b>Doanh thu tăng đều nhưng hiệu quả không tăng?</b></p>\n<p><b><br />\n</b></p>\n<p>Theo  đại diện của đơn vị cung cấp nội dung nhạc số MV Crop, từ 15 triệu đồng  ban đầu, tổng số tiền thu được từ các ca khúc, album cho tới thời điểm  sau 5 tháng đã tăng lên con số vài trăm triệu. Trong đó, số tiền thu  được tháng sau cao gấp rưỡi so với tháng trước.</p>\n<p>&#160;</p>\n<p>Với các  mô hình ở nước ngoài, nếu 10% dân số chi trả cho việc mua nhạc đã là  thành công rồi, tại Việt Nam, các đơn vị kinh doanh nhạc số chỉ hy vọng  vào 5% người có ý thức. Thế nên, tín hiệu đáng mừng ở doanh thu tăng  cũng là điều mà các bên liên quan tự an ủi lẫn nhau để bước tiếp trên lộ  trình kinh doanh nhạc số đã vạch ra. Dù số tiền còn khiêm tốn nhưng đã  đạt được mục tiêu ban đầu là kéo các đơn vị tham gia vào cuộc chơi thu  phí tải nhạc.</p>\n<p>&#160;</p>\n<div><img width="500" height="280" src="http://soha.flipboard.vcmedia.vn/flipboard/100/4574b3nhacso1.jpg" alt="Sau 5 tháng thu phí tải nhạc: Lại “đầu voi, đuôi chuột" title="Sau 5 tháng thu phí tải nhạc: Lại “đầu voi, đuôi chuột" />\n<div class="caption"><i>Trong tổng số khoảng 150 website kinh doanh nhạc số đang hoạt động thì chỉ có 18 trang ký kết tham gia thu phí nhạc số</i></div>\n<div class="caption"><i><br />\n</i></div>\n</div>\n<p>Tuy  nhiên, sự thành công ở mặt “tổ chức” không chứng minh được, việc kinh  doanh nhạc số có tính khả thi cao và mang lại lợi nhuận. Số tiền vài  trăm triệu có vẻ to tát nhưng chỉ là muối bỏ biển so với số lượng 45.000  ca khúc được bán trên 18 website kinh doanh nhạc số lớn nhất Việt Nam.  Hơn thế nữa, vài trăm triệu có khi còn chẳng đủ cho các nhạc sĩ, ca sĩ,  nhà sản xuất trang trải chi phí để cho ra đời một sản phẩm âm nhạc có  chất lượng.</p>\n<p>&#160;</p>\n<p>Ngoài ra, nếu tính trung bình 1.000  đồng/bài hát thì trong 5 tháng chỉ có khoảng vài trăm nghìn lượt tải về.  Sự bỏ tiền “nhỏ giọt” của một ít người nghe có ý thức trong việc tôn  trọng công sức của các nhà sản xuất, nhạc sĩ, ca sĩ cũng không thể làm  thay đổi thói quen của đại đa số người đã quen với việc nghe và tải nhạc  miễn phí.</p>\n<p>&#160;</p>\n<p>Sự giúp đỡ của giới nhạc sĩ khi phát động  phong trào “Nghe có ý thức” và tuyên truyền mạnh trên các mạng xã hội,  nỗ lực của các đơn vị kinh doanh trong việc khiến cho người dân hiểu ra  sử dụng nhạc miễn phí là trái pháp luật dường như không hề có hiệu quả.</p>\n<p><b><br />\n</b></p>\n<p><b>Siết chặt thu phí bằng hình thức chỉ cho nghe thử</b></p>\n<p>&#160;</p>\n<p>Ông  Phùng Tiến Công, Phó Tổng Giám đốc Công ty cung cấp nội dung nhạc số MV  Crop cho biết, dự kiến đến quý 2/2013, các website nghe nhạc sẽ chỉ cho  phép người dùng được nghe thử (preview) các ca khúc mới thay vì được  nghe trực tuyến toàn bộ ca khúc như hiện nay. Người dùng phải thanh toán  theo từng bài hoặc thuê bao tháng mới được nghe trọn vẹn ca khúc.</p>\n<p>&#160;</p>\n<p>Tại  các nước phát triển mạnh về kinh doanh nhạc số như thị trường Âu-Mỹ hay  đơn cử ở châu Á là Hàn Quốc, việc cho nghe thử miễn một phần của ca  khúc là biện pháp thực tế để thu được tiền từ sản phẩm âm nhạc bán ra.  Người nghe không có lựa chọn nào khác là buộc phải mua từ các website  kinh doanh nhạc số để thỏa mãn niềm yêu thích nghe nhạc của mình, nghe  trọn cả bài hát.</p>\n<p>&#160;</p>\n<p>Tuy nhiên, điểm mạnh tại các nước này  là họ có thể xây dựng được một hệ thống thanh toán bài bản và thuận tiện  cho người nghe. Tại Việt Nam ở thời điểm này, các hệ thống thanh toán  còn quá phức tạp bởi mỗi một đơn vị cung cấp nội dung nhạc số lại có một  cách thức thanh toán khác nhau (thẻ cào điện thoại, thẻ ATM, tài khoản  điện thoại, tiền ảo…). Không có hướng dẫn cụ thể cho từng cách thức  thanh toán khiến người nghe nảy sinh tâm lý ngại phiền toái.</p>\n<p>&#160;</p>\n<div><img width="500" height="305" src="http://soha.flipboard.vcmedia.vn/flipboard/100/9fb39dnhacso2.jpg" alt="Sau 5 tháng thu phí tải nhạc: Lại “đầu voi, đuôi chuột" title="Sau 5 tháng thu phí tải nhạc: Lại “đầu voi, đuôi chuột" />\n<div class="caption"><i>Zing là 1 trong số ít trang có phân loại các ca khúc thu phí vào riêng một mục</i></div>\n<div class="caption"><i><br />\n</i></div>\n</div>\n<p>Ngoài  ra, thời điểm sau 5 tháng thu phí nhạc số, các bài hát Việt Nam vẫn  được phép tải công khai và miễn phí trên các trang đã đăng ký bán nhạc  số như zing, nhaccuatui… Cùng một ca khúc, nội dung giống nhau nhưng lại  có nhiều phiên bản miễn phí khiến người nghe vừa hoang mang lại vừa có  cớ để quay lưng lại với việc thu phí tải nhạc.</p>\n<p>&#160;</p>\n<p>Về vấn  đề này, bên phía MV Corp cho biết, sẽ giải quyết dứt điểm trong năm 2013  và đặt mục tiêu đến 2015, thị trường nhạc số thực sự dịch chuyển và thu  phí nhạc trở thành điều đương nhiên đối với người dân.</p>\n<p>&#160;</p>\n<p>Cũng  nằm trong lộ trình đã được xây dựng, trong thời gian tới, các website  cũng sẽ thử nghiệm việc bán nhạc qua điện thoại di động. Hiện nay, số  lượng người sử dụng điện thoại thông minh (smart phone) là khá phổ biến.  Thanh toán qua di động giải quyết được những khó khăn về kênh thanh  toán qua dịch vụ tin nhắn ngắn (SMS) với tỷ lệ ăn chia là 50-50 (nhà  mạng thu về 50% phí, 50% còn lại dành cho các website phân phối, ca sĩ,  nhạc sĩ…) và tạo sự tiện lợi cho người dùng.</p>\n<p>&#160;</p>\n<p>Cũng trong  năm 2013, các website phải tự thân kinh doanh, đàm phán với các nhạc  sĩ, ca sĩ, nhà sản xuất để mua bản quyền những ca khúc mới nhằm tạo sự  cạnh tranh và thu hút giới trẻ. Phần lớn người nghe nhạc trên mạng là  người trẻ nhưng thời gian qua, các đơn vị kinh doanh chỉ cố kiếm lợi từ  những ca khúc “xưa” đã có đầy đủ tác quyền. Việc này cũng sẽ nâng cao  hơn nữa quyền tự chủ của các nhạc sĩ trong việc đưa “đứa con tinh thần”  ra với công chúng.</p>\n<p>&#160;</p>\n<p>Một loạt các động thái cứng rắn của  các nhà kinh doanh và cung cấp nhạc số trong thời gian tới cũng nhằm đưa  ra thông điệp về một thị trường cạnh tranh lành mạnh và buộc người nghe  phải có ý thức trong việc sử dụng công sức, thành quả lao động của  người khác. Thông qua các trang kinh doanh này cũng có thể điều chỉnh  thị hiếu âm nhạc của giới trẻ và tạo sự tôn trọng hơn với âm nhạc chính  thống.</p>\n<p>&#160;</p>\n<p>Thực tế cho thấy, ngành công nghiệp ghi âm Việt  Nam đang bị thiệt hại nghiêm trọng do tình trạng tải nhạc miễn phí trên  Internet và di động. Đĩa, album phát hành không có người mua, các nhạc  sĩ, ca sĩ cũng ngại đầu tư làm album vì sợ thua lỗ. Dù vẫn còn quá nhiều  bất cập và rắc rối đến từ phía các đơn vị kinh doanh nhạc số nhưng nếu  kết hợp chặt chẽ, làm mạnh tay và triệt để đối với sản phẩm âm nhạc miễn  phí thì có thể hy vọng vào một tương lai khởi sắc của ngành âm nhạc  Việt Nam trong thời gian tới.</p>\n<p>&#160;</p>\n<br />', '{"tags":["T\\u1ea3i nh\\u1ea1c","Mi\\u1ec5n ph\\u00ed"],"tags_rewrite":["tai-nhac","mien-phi"]}', '4574b3nhacso1.jpg', '2013-03-24 16:28:32', 184),
(90, 'Google sẽ thống nhất các nền tảng chat thành Babble ', 'google-se-thong-nhat-cac-nen-tang-chat-thanh-babble', 'Genk.vn', 'Công cuộc hợp nhất các sản phẩm của Google tiếp tục tiến lên giai đoạn mới. Theo một số nguồn tin, bước tiếp theo của Google sẽ là hợp nhất các nền tảng nhắn tin thành một dịch vụ duy nhất, dự kiến có tên gọi là Babble.', '<div>&#160;</div>\n<div><img src="http://soha.flipboard.vcmedia.vn/thumb_w/600/flipboard/100/ead0f81191.jpg" alt="Google sẽ thống nhất các nền tảng chat thành Babble 1" title="Google sẽ thống nhất các nền tảng chat thành Babble 1" />\n<div class="caption">&#160;&#160;</div>\n</div>\n<p>Trang công nghệ <i>Geek.com</i>  nhận xét Google đang gặp vấn đề lớn với các nền tảng tuyền thông. Hàng  loạt các sản phẩm của họ như Google Talk, Hangout, Voice, Messenger,  Chat for Drive đều rất tuyệt vời nhưng lại không thể sử dụng được cùng  với nhau. Chúng không tương tác với nhau, khiến mọi thứ từ ảnh, đường  liên kết (link) và video đều nằm tách biệt trong từng ứng dụng. Chỉ có  hai dịch vụ duy nhất thực sự có sự liên kết với nhau là Google Talk  trong Gmail và G+ nhưng bất kỳ ai sử dụng hai hệ thống này sẽ nhận ra  mọi thứ tệ như thế nào.</p>\n<p>&#160;</p>\n<p>Không dễ để xử lý tình trạng  này nhưng một giải pháp nền tảng chung sẽ cho phép Google vượt qua những  dịch vụ đối thủ như iMessage của Apple và BlackBerry Messenger. Theo  các nguồn tin riêng của trang Geek.com, dịch vụ hợp nhất này có tên gọi  là Babble và đang được xây dựng để giải quyết những vấn đề trên.</p>\n<p>&#160;</p>\n<p>Babble  tiếp tục đi theo xu hướng hợp nhất mọi thứ của Google. Bạn có thể chia  sẻ ảnh trong cửa sổ chat như bạn làm trong G+ Messenger, bắt đầu cuộc  trò chuyện Hangout với bất kỳ ai trong danh sách bạn bè và cuộc trò  chuyện sẽ được thực hiện trong tất cả các dịch vụ khác. Ngoài ra, các  dịch vụ riêng lẻ sẽ được thống nhất trong một nền tảng và bạn sẽ có thể  dùng cửa sổ chát tương tự trong tất cả các sản phẩm của Google với những  tính năng tương tự.</p>\n<p>&#160;</p>\n<div><img width="568" height="432" src="http://soha.flipboard.vcmedia.vn/flipboard/100/71ab361192.jpg" alt="Google sẽ thống nhất các nền tảng chat thành Babble 2" title="Google sẽ thống nhất các nền tảng chat thành Babble 2" />\n<div class="caption">&#160;&#160;</div>\n</div>\n<p>Hiện  tại, chưa có một thời điểm chính thức nào được công bố Babble sẽ ra mắt  nhưng các nguồn tin tiết lộ với Geek.com cho rằng Babble sẽ được giới  thiệu tại sự kiện Google I/O vào tháng 5 tới. Nếu Babble thành công, đó  sẽ là câu trả lời của Google với các dịch vụ như iMessage, BBM, Kik,  Facetime, Skype và những dịch vụ tương tự khác.</p>\n<p>&#160;</p>\n<br />', '{"tags":["Yahoo","Google","Chat"],"tags_rewrite":["yahoo","google","chat"]}', 'ead0f81191.jpg', '2013-03-24 20:01:52', 183),
(89, 'Quảng cáo từ khóa trên Google chỉ tổ phí tiền', 'quang-cao-tu-khoa-tren-google-chi-to-phi-tien', 'Genk.vn', 'Các công ty Mỹ đã phải chi tới 14,8 tỷ USD quảng cáo trên công cụ tìm kiếm trong năm 2011. Nhưng họ không biết rằng điều đó đôi khi không thực sự cần thiết, mà còn khiến tốn tiền và tốn thời gian.', '<div>Đó là lập luận trong một bài báo nghiên cứu mới thống kê hiệu quả  của các công cụ tìm kiếm tiếp thị cho eBay. eBay cho rằng hiệu quả của  công cụ tìm kiếm tiếp thị (trả tiền để mua từ khóa tìm kiếm trên Google)  đôi khi không hiệu quả như chúng ta vẫn tưởng. Các nhà nghiên cứu giải  thích rằng quảng cáo tìm kiếm chỉ hoạt động nếu người tiêu dùng chưa xác  định được công ty phù hợp cho sản phẩm họ đang muốn tìm kiếm.</div>\n<div>&#160;</div>\n<div>Các  nhà nghiên cứu cho biết những khách hàng có sự hiểu biết về các công cụ  tìm kiếm trên internet sẽ hiểu được sự sắp xếp các sản phẩm trên, và do  đó không bị ảnh hưởng nhiều bởi quảng cáo, có hay chăng chúng cũng chỉ  gây chú ý hơn mà thôi. Nói cách khác, 14,8 tỷ USD có thể tạo ra lưu  lượng truy cập đến một trang web, nhưng phần lớn truy nhập gia tăng một  cách cưỡng bức. Các tác giả nhấn mạnh rằng nghiên cứu chỉ đúng với các  &#160;thương hiệu nổi tiếng; và tất nhiên là các công ty nhỏ và có số người  nhận biết thương hiệu thấp được hưởng lợi từ xuất hiện cao hơn trong một  trang tìm kiếm.</div>\n<div>&#160;</div>\n<div>Một phát ngôn viên của Google  nói rằng nghiên cứu trên "hơi khác biệt so với bình thường", khi mà các  chiến dịch quảng cáo đã đóng góp 89% lượng click vào quảng cáo tìm kiếm  đến các trang web của nhà quảng cáo, nhưng chỉ một nữa trong số đó quay  trở lại trang web đó ngay cả khi các web này được &#160;trả tiền để cho lên  top đầu danh sách tìm kiếm.</div>\n<div>&#160;</div>\n<div>Nhưng với nhiều  người, kết quả của phòng nghiên cứu eBay đã giải đáp một thắc mắc có từ  lâu. Đó là người dùng có chú ý tới phần quảng cáo khi xem kết quả tìm  kiếm hay không.</div>\n<div>&#160;</div>\n<div>Và thực ra có bao nhiêu người  sẽ tìm kiếm Kindle trên Google thay vì đến thẳng trang của Amazon, hay  sẽ có bao nhiêu người sẽ dừng lại và thực hiện thao tác tìm kiếm khi  muốn mua bàn phím Steampunk Victorian "Diviner"</div>\n<div>&#160;</div>\n<div>&#160;</div>\n<div><img width="500" title="" alt="" src="http://genk2.vcmedia.vn/N0WoyYblO3QdmZFKPMtKnadHAHTevz/Image/Roti-beo-1432013/SEO_-Huyen-Roti-e1904.jpg" /></div>\n<div cụ="" tìm="" kiếm="" tiếp="" i="">&#160;</div>\n<div><i><br />\n</i></div>\n<div>&#160;</div>\n<div>Điều  đáng ngạc nhiên là các nhà bán lẻ trực tuyến lớn đã không nhận ra điều  này. Ví dụ, 10 hãng chi tiêu lớn nhất về quảng cáo trên internet đã chi  2,7 tỷ USD trong năm 2011.</div>\n<div>&#160;</div>\n<div>Nhưng tại sao? Câu  trả lời đơn giản là các nhà bán lẻ đang đếm số lượng những cú click  chuột cho một trang web nhất định, cũng giống như họ sẽ tính toán lợi  nhuận ứng với mỗi đồng vốn đầu tư ban đầu. Nhưng trong việc này, Ray  Fisman chỉ ra trên blog của Harvard Business Review, bộ phận tiếp thị  của những người khổng lồ bán lẻ trực tuyến đang "khó hiểu nguyên nhân và  sự tương quan" trong việc đo lường lợi nhuận trên đầu tư quảng cáo của  họ.</div>\n<div>&#160;</div>\n<div>&#160;</div>\n<div>Sự nhầm lẫn này được duy trì  bởi nỗ lực khuyến khích người mua quảng cáo của Google khi chia doanh  số bán hàng thông qua các nhấp chuột cho chi tiêu quảng cáo, theo các  nhà nghiên cứu eBay. "Không phải hầu hết các công ty tư vấn cung cấp  công cụ phân tích tiếp thị thông qua việc sử dụng mô hình hồi quy dữ  liệu, khuyến nghị từ công cụ phân tích của Google không thực sự phù hợp  với thực tế," báo cáo của eBay. Công cụ này đã đóng góp phần đáng kể vào  doanh thu quảng cáo hàng tỷ USD của Google mỗi năm.</div>\n<div>&#160;</div>\n<div>Phát  ngôn viên của Google cho biết: Kết quả &#160;giữa các nhà quảng cáo khác  nhau rất nhiều và và bị ảnh hưởng bởi nhiều yếu tố, chúng tôi khuyến  khích các nhà quảng cáo thử nghiệm với các chiến dịch của riêng họ.&#160;</div>\n<div>&#160;</div>\n<div>Ông  này bổ sung rằng Google cung cấp các công cụ như AdWords Campaign  Experiments (Thử nghiệm chiến dịch quảng cáo từ khóa), Content  Experiments (Thử nghiệm nội dung) và đề nghị một phương pháp thống kê  cho các nhà quảng cáo để tiến hành các thí nghiệm riêng của họ tùy thuộc  và điều kiện địa lý và đặc điểm vă hóa mỗi quốc gia.</div>\n<div>&#160;</div>\n<div>Nhưng  nếu phân tích của các nhà nghiên cứu thuộc eBay Research Lab chỉ ra là  đúng, thì hẳn là công cụ tìm kiếm lớn nhất thế giới có thể cần một công  thức mới và có thể là một mô hình mới.</div>\n<br />', '{"tags":["Yahoo","Google","Chat"],"tags_rewrite":["yahoo","google","chat"]}', 'Google-ads-e1904.png', '2013-03-24 20:02:20', 184),
(91, 'Hàn Quốc : Tin tặc Trung Quốc tấn công ngân hàng và truyền hình ', 'han-quoc---tin-tac-trung-quoc-tan-cong-ngan-hang-va-truyen-hinh', 'Genk.vn', 'Hôm nay, cơ quan theo dõi truyền thông Hàn Quốc cho biết mã độc khiến hệ thống máy tính của các đài truyền hình và ngân hàng lớn của nước này ngày hôm qua bắt nguồn từ Trung Quốc.', '<p>Hôm qua, mạng lưới máy tính của các đài truyền hình gồm KBS, MBC và  YTN cùng với các ngân hàng Shinhan, NongHyup và Jeju đã bị tê liệt, ảnh  hướng tới các chương trình phát sóng và các dịch vụ tài chính.</p>\n<div>\n<div align="center">\n<p align="center"><img src="http://genk2.vcmedia.vn/Article/2013/03/21/130321southkorea.jpg" alt="Hàn Quốc: Tin tặc Trung Quốc tấn công ngân hàng và truyền hình 1" title="Hàn Quốc: Tin tặc Trung Quốc tấn công ngân hàng và truyền hình 1" /></p>\n</div>\n<div src="http://genk2.vcmedia.vn/Article/2013/03/04/130304vifashtqm.jpg" alt="Hàn Quốc: Tin tặc Trung Quốc tấn công ngân hàng và truyền hình 2" title="Hàn Quốc: Tin tặc Trung Quốc tấn công ngân hàng và truyền hình 2">&#160;</div>\n</div>\n<div class="caption"><i>Hôm qua, mạng máy tính của 2 ngân hàng, 3 đài truyền hình lớn của Hàn Quốc bị tê liệt.</i></div>\n<div class="caption"><i><br />\n</i></div>\n<p>Hãng tin Yonhap (<b>Hàn Quốc</b>)  dẫn thông tin từ Ủy ban truyền thông Hàn Quốc (KCC) cho hay sau khi  phân tích các mã nguồn, cơ quan này phát hiện ra nguyên nhân của vụ việc  là do các mã độc chứ không phải do các cuộc tấn công từ chối dịch vụ  (DdoS).</p>\n<p>&#160;</p>\n<p>KCC cho biết địa chỉ (IP) 101.106.25.105 bắt nguồn từ <b>Trung Quốc</b> đã xâm nhập máy chủ của mạng lưới máy tính ngân hàng Nonghyup và phát tán các file độc.</p>\n<p>&#160;</p>\n<p>Cơ quan truyền thông này cũng cho rằng các đài truyền hình và ngân hàng nói trên bị tấn công bởi cùng một tin tặc.</p>\n<p>&#160;</p>\n<p>Trong  khi đó KCC cho biết đang xem xét các kịch bản lỗi mạng máy tính có thể  xảy ra và để ngỏ khả năng Triều Tiên đứng đằng sau vụ tấn công mạng này.</p>\n<br />', '{"tags":["Hacker","Tin t\\u1eb7c","Ng\\u00e2n h\\u00e0ng"],"tags_rewrite":["hacker","tin-tac","ngan-hang"]}', '130304vifashtqm.jpg', '2013-03-29 00:04:48', 184),
(92, 'Facebook bị đánh bại ở Nhật,Hàn', 'facebook-bi-danh-bai-o-nhat-han', 'Genk.vn', 'Facebook hiện đang thống trị thế giới nhưng các ứng dụng liên lạc miễn phí đang vươn lên mạnh mẽ và thách thức các mạng xã hội.', '<p class="MsoNormal">Mới đây, một vài số liệu đã cho thấy các ứng dụng này đã đứng đầu ở Nhật Bản và Hàn Quốc.</p>\n<p class="MsoNormal">&#160;</p>\n<p class="MsoNormal">Theo một thống kê của We Are Social, <b>Line</b> ở Nhật Bản có 36 triệu người dùng, <b>Kakao Talk</b> ở Hàn Quốc có 19 triệu người dùng, vượt qua lượng người dùng Facebook ở các quốc gia này.</p>\n<p class="MsoNormal">&#160;</p>\n<p class="MsoNormal">Dù cho Facebook và Twitter không đứng đầu ở Trung Quốc, nhưng đó là vì 2 mạng xã hội này bị chặn ở đất nước tỷ dân. Ở Trung Quốc, WeChat đang phát triển rất mạnh, có thể đạt 400 triệu người dùng vào cuối năm nay. Và mục tiêu của Tencent, đơn vị chủ quản WeChat là đánh bại Sina Weibo, khi trong tay hãng đang sở hữu Qzone, mạng xã hội kiểu Facebook và Tencent Weibo, đối thủ trực tiếp của Sina Weibo.</p>\n<p class="MsoNormal">&#160;</p>\n<p class="MsoNormal">Thực tế thì Facebook và các ứng dụng liên lạc miễn phí vẫn có thể tồn tại chung. Tuy nhiên, nhu cầu liên lạc của người dùng bằng các ứng dụng như <b>Line, Kakao Talk</b><a href="http://genk.vn/internet/kakaotalk-bat-dau-tham-chien-gianh-thi-phan-20130311112050738.chn">&#160;</a>có thể làm giảm sự chú ý của họ vào Facebook.</p>\n<p class="MsoNormal">&#160;</p>\n<div align="center">\n<p align="center"><img src="http://genk2.vcmedia.vn/Article/2013/03/21/130321WAS2013730x547.png" alt="Facebook  bị đánh bại ở Nhật, Hàn 2" title="Facebook  bị đánh bại ở Nhật, Hàn 2" /></p>\n</div>\n&#160;\n<p class="MsoNormal">Nếu Facebook cung cấp các dịch vụ chơi game, sticker hay gọi video để cạnh tranh, các ứng dụng liên lạc miễn phí rất dễ bị đe dọa.</p>', '{"tags":["Facebook","M\\u1ea1ng x\\u00e3 h\\u1ed9i","Yahoo"],"tags_rewrite":["facebook","mang-xa-hoi","yahoo"]}', '130321techfacebook1301630x420.jpg', '2013-03-28 22:55:08', 184),
(95, 'Vụ DDoS lớn nhất lịch sử chưa chạm Việt Nam', 'vu-ddos-lon-nhat-lich-su-chua-cham-viet-nam', 'Genk.vn', 'Trả lời phóng viên Vietnam+ trưa ngày 28/3, ông Nguyễn Minh Đức, Giám đốc bộ phận an ninh mạng (Công ty an ninh mạng Bkav) cho biết, đơn vị này chưa ghi nhận cuộc tấn công nào từ đợt tấn công lịch sử bằng phương thức DDoS (từ chối dịch vụ) đang diễn ra trên thế giới vào Việt Nam.', '&#160;\n<div>&#160;</div>\n<div>\n<div align="center">\n<p align="center"><img src="http://genk2.vcmedia.vn/Article/2013/03/28/130328hackers.jpg" alt="Vụ DDoS lớn nhất lịch sử chưa " title="Vụ DDoS lớn nhất lịch sử chưa " lb="1" /></p>\n</div>\n<br />\n<p>&#160;</p>\n<p>&#160;</p>\n<p>Trước đó, thông tin từ báo giới cho biết, theo các tổ chức an ninh mạng toàn cầu, người dùng Internet trên thế giới đang phải hứng chịu tình trạng tốc độ truy cập Internet ở mức tồi tệ. Nguyên nhân là&#160;<strong><a href="http://northstar.vn/tags/hacker">hacker</a></strong> đang tổ chức những đợt <strong><a href="http://northstar.vn/tags/ddos">tấn công DDoS</a>.</strong></p>\n<p>&#160;</p>\n<p>Hiện, các cuộc tấn công mới chỉ làm tắc nghẽn đường truy cập vào một số website. Tuy nhiên, các chuyên gia dự báo tình hình sẽ trở nên nghiêm trọng hơn và các hệ thống mạng của <strong>ngân hàng</strong> và <strong>thư điện tử</strong> sẽ bị ảnh hưởng trong thời gian tới.</p>\n<p>&#160;</p>\n<p>Ông Đức nói, đợt tấn công này đang đổ về một lượng truy cập trong khoảng 150-300 Gb/s và đây là một con số khủng khiếp. Đối tượng bị hacker tấn công là các nhà cung cấp dịch vụ máy chủ là Spamhaus, CloudFlare. Do đó, người dùng rất khó để truy cập các website đặt ở 2 nhà cung cấp này.</p>\n<p>&#160;</p>\n<p>Còn nhớ tại Việt Nam, trang VietNamNet cũng từng bị hacker dùng phương pháp DDoS tấn công (có thời điểm lên tới 1,5 triệu truy cập cùng lúc), khiến việc truy cập báo điện tử này bị gián đoạn trong một thời gian dài.</p>\n</div>', '{"tags":["B\\u1ea3o m\\u1eadt","Hacker","Tin t\\u1eb7c","DDos"],"tags_rewrite":["bao-mat","hacker","tin-tac","ddos"]}', '130328hackers.jpg', '2013-03-28 23:51:15', 200),
(96, 'Đồng sáng lập Blackberry rời công ty', 'dong-sang-lap-blackberry-roi-cong-ty', 'Genk.vn', '15 tháng sau khi rời khỏi vị trí đồng CEO RIM, đồng sáng lập Mike Lazaridis đã rời khỏi Hội đồng quản trị (HĐQT) của công ty.', '&#160;\n<div>&#160;</div>\n<div>\n<div align="center"  0px; padding: 0px; border: none; outline: none; font-size: 17px; line-height: 25px;">\n<p align="center"  0px; padding: 0px; border: none; outline: none;"><img src="http://genk2.vcmedia.vn/Article/2013/03/28/130328w680.jpg" alt="Đồng sáng lập Blackberry rời công ty 1" title="Đồng sáng lập Blackberry rời công ty 1" lb="1"  0px; padding: 0px; border: none; outline: none; max-width: 600px; cursor: none;" /></p>\n</div>\n<p  0px; padding: 0px; border: none; outline: none; font-size: 17px; line-height: 25px;">&#160;</p>\n<p class="MsoNormal"  0px; padding: 0px; border: none; outline: none; font-size: 17px; line-height: 25px;"><o:p  0px; padding: 0px; border: none; outline: none;">&#160;</o:p></p>\n<p class="MsoNormal"  0px; padding: 0px; border: none; outline: none; font-size: 17px; line-height: 25px;">Trong báo cáo tình hình tài chính quý mới nhất,<a href="http://genk.vn/tin-ict/blackberry-z10-bi-nha-mang-my-phan-biet-doi-xu-2013032508209624.chn"  0px; padding: 0px; border: none; outline: none; color: blue;">&#160;<b  0px; padding: 0px; border: none; outline: none;">Blackberry</b></a>&#160;cho biết ông Lazaridis sẽ thôi giữ chức Phó chủ tịch HĐQT từ ngày 1/5. Ông phát biểu “Khi Blackberry 10 ra mắt, tôi tin rằng tôi đã hoàn thành trách nhiệm ở HĐQT. Tôi tin rằng tôi rời công ty là một điều tốt.<o:p  0px; padding: 0px; border: none; outline: none;"></o:p></p>\n<p class="MsoNormal"  0px; padding: 0px; border: none; outline: none; font-size: 17px; line-height: 25px;"><o:p  0px; padding: 0px; border: none; outline: none;">&#160;</o:p></p>\n<p class="MsoNormal"  0px; padding: 0px; border: none; outline: none; font-size: 17px; line-height: 25px;">Ông Lazaridis thành lập công ty vào năm 1984 và cùng làm CEO với Jim Balsillie cho tới cuối năm trước. Balsillie cũng đã rời công ty, và vào tháng trước, ông này tuyên bố đã bán sạch cổ phần tại&#160;<b  0px; padding: 0px; border: none; outline: none;">Blackberry</b>.<o:p  0px; padding: 0px; border: none; outline: none;"></o:p></p>\n<p class="MsoNormal"  0px; padding: 0px; border: none; outline: none; font-size: 17px; line-height: 25px;">&#160;</p>\n<p class="MsoNormal"  0px; padding: 0px; border: none; outline: none; font-size: 17px; line-height: 25px;">&#160;</p>\n<p class="MsoNormal"  0px; padding: 0px; border: none; outline: none; font-size: 17px; line-height: 25px;">CEO đương nhiệm của&#160;<b  0px; padding: 0px; border: none; outline: none;"><a href="http://northstar.vn/tags/blackberry"  0px; padding: 0px; border: none; outline: none; color: blue;">Blackberry</a></b>&#160;Thorsten Heins nhận xét về ông Lazaridis: “Tôi ngưỡng mộ Mike vì những thành tựu tuyệt vời và tầm nhìn của ông về việc đã giúp Blackberry 10 đơm hoa kết trái… Cá nhân tôi biết ơn Mike vì sự giúp đỡ, hướng dẫn và những lời khuyên của ông trong suốt 15 tháng đầu tiên ở ghế CEO của tôi. Tôi mong ông sẽ gặp nhiều may mắn”.<o:p  0px; padding: 0px; border: none; outline: none;"></o:p></p>\n</div>\n<div>&#160;</div>', '{"tags":["Blackberry","Samsung","Apple","Smartphone"],"tags_rewrite":["blackberry","samsung","apple","smartphone"]}', '130328w680.jpg', '2013-03-29 00:04:17', 183),
(97, 'Vụ tấn công mạng lớn nhất toàn cầu là bị thổi phồng', 'vu-tan-cong-mang-lon-nhat-toan-cau-la-bi-thoi-phong', 'Genk.vn', 'Báo cáo từ các dịch vụ giám sát internet mới đây cho thấy thông tin về một cuộc tấn công mạng lớn nhất lịch sử vào tuần trước làm mạng internet toàn cầu bị chậm là “đã bị thổi phồng”.', '&#160;\n<div>&#160;</div>\n<div>\n<div  0px; padding: 0px; border: none; outline: none; font-size: 17px; line-height: 25px; text-align: center;"><img src="http://webdata.vcmedia.vn/webdata/100/4b0c8cnghenmang1.jpg" width="500" height="336" alt="Vụ tấn công mạng lớn nhất toàn cầu là bị thổi phồng 1" title="Vụ tấn công mạng lớn nhất toàn cầu là bị thổi phồng 1" lb="1"  0px; padding: 0px; border: none; outline: none; max-width: 600px;" />\n<div class="caption"  0px; padding: 0px; border: none; outline: none;">Vụ tấn công từ chối dịch vụ từ ngày 19.3 ở châu Âu không làm nghẽn mạng internet toàn cầu - Ảnh: Reuters</div>\n<div class="caption"  0px; padding: 0px; border: none; outline: none;">&#160;</div>\n</div>\n<p  0px; padding: 0px; border: none; outline: none; font-size: 17px; line-height: 25px;">Báo&#160;<i  0px; padding: 0px; border: none; outline: none;">New York Times</i>&#160;ngày 27.3 nói rằng tổ chức chống thư rác Spamhaus (Geneva, Thụy Sĩ) ngày 19.3 trở thành nạn nhân của "cuộc tấn công máy tính lớn nhất trên internet" gây ra bởi công ty lưu trữ web Cyberbunker (Hà Lan) và gây ra tắc nghẽn mạng internet toàn cầu.</p>\n<p  0px; padding: 0px; border: none; outline: none; font-size: 17px; line-height: 25px;">&#160;</p>\n<p  0px; padding: 0px; border: none; outline: none; font-size: 17px; line-height: 25px;">Thậm chí công ty bảo mật CloudFlare (Mỹ) cũng nói là vụ tấn công làm tê liệt phần lớn internet ở châu Âu và nghẽn các thông tin giữa London và Hồng Kông. "Tấn công từ chối dịch vụ (DdoS) gần như đã phá vỡ mạng internet".</p>\n<p  0px; padding: 0px; border: none; outline: none; font-size: 17px; line-height: 25px;">&#160;</p>\n<p  0px; padding: 0px; border: none; outline: none; font-size: 17px; line-height: 25px;">Tuy nhiên, một báo cáo mới từ VentureBeat cho thấy cuộc tấn công này thực sự không làm tê liệt mạng internet toàn cầu, mà chỉ gây ùn tắc một số nơi ở Anh, Đức và Hà Lan, những nơi Spamhaus có cơ sở.</p>\n<p  0px; padding: 0px; border: none; outline: none; font-size: 17px; line-height: 25px;">&#160;</p>\n<p  0px; padding: 0px; border: none; outline: none; font-size: 17px; line-height: 25px;">VentureBeat dẫn nguồn từ Internet Traffic Report (một website chuyên đo lường lưu lượng internet), mạng internet toàn cầu khá ổn định trong 30 ngày qua, và không nhận thấy rõ tác động nào của vụ tấn công mạng trong tuần qua. Thậm chí gói dữ liệu bị mất trên toàn cầu vẫn ổn định ở mức gần như bằng không.</p>\n<p  0px; padding: 0px; border: none; outline: none; font-size: 17px; line-height: 25px;">&#160;</p>\n<p  0px; padding: 0px; border: none; outline: none; font-size: 17px; line-height: 25px;">VentureBeat cho rằng, về cơ bản, các máy chủ của Spamhaus bị “thân hữu” của Cyberbunker tấn công từ chối dịch vụ với lượng dữ liệu dồn dập gửi tới lên đến 300 GB / giây, tạo thành cuộc tấn công DDOS lớn nhất từ trước đến nay. Vụ tấn công này làm tắc nghẽn đường truyền internet ít nhất một vài nơi, nhưng rõ ràng không làm nghẽn tất cả các nơi trên thế giới.</p>\n<p  0px; padding: 0px; border: none; outline: none; font-size: 17px; line-height: 25px;">&#160;</p>\n<div  0px; padding: 0px; border: none; outline: none; font-size: 17px; line-height: 25px; text-align: center;"><img src="http://webdata.vcmedia.vn/webdata/100/c463b9nghenmang2.jpg" width="500" height="256" alt="Vụ tấn công mạng lớn nhất toàn cầu là bị thổi phồng 2" title="Vụ tấn công mạng lớn nhất toàn cầu là bị thổi phồng 2" lb="2"  0px; padding: 0px; border: none; outline: none; max-width: 600px;" />\n<div class="caption"  0px; padding: 0px; border: none; outline: none;"><i  0px; padding: 0px; border: none; outline: none;">Báo cáo của Internet Traffic Report ghi nhận gói dữ liệu bị mất trên toàn cầu trong tuần qua gần như bằng không - Nguồn: internettrafficreport.com</i></div>\n<div class="caption"  0px; padding: 0px; border: none; outline: none;"><i  0px; padding: 0px; border: none; outline: none;"><br  0px; padding: 0px; border: none; outline: none;" />\n</i></div>\n</div>\n<p  0px; padding: 0px; border: none; outline: none; font-size: 17px; line-height: 25px;">Chuyên gia Alastair MacGibbon (Trung tâm an toàn mạng, Đại học Canberra, Úc) nói với hãng tin ABC News ngày 28.3 rằng vụ việc không có gì lớn. “Đây chỉ là kiểu tấn công bài bản cũ, còn có nhiều cách phức tạp hơn để bạn làm tê liệt mạng internet”, ông nói.</p>\n<p  0px; padding: 0px; border: none; outline: none; font-size: 17px; line-height: 25px;">&#160;</p>\n<p  0px; padding: 0px; border: none; outline: none; font-size: 17px; line-height: 25px;">Ông MacGibbon cho biết các đầu mối liên lạc của ông tại các mạng internet lớn đã phát hiện không có tác động gì của cuộc tấn công nói trên ở Úc hoặc Bắc Mỹ.</p>\n<p  0px; padding: 0px; border: none; outline: none; font-size: 17px; line-height: 25px;">&#160;</p>\n<p  0px; padding: 0px; border: none; outline: none; font-size: 17px; line-height: 25px;">Chuyên gia an ninh mạng Suelette Dreyfus cũng nói với ABC News rằng các cuộc tấn công đó không có tác động đáng kể đối với về người sử dụng web trung bình.</p>\n<p  0px; padding: 0px; border: none; outline: none; font-size: 17px; line-height: 25px;">&#160;</p>\n<p  0px; padding: 0px; border: none; outline: none; font-size: 17px; line-height: 25px;">"Nó đã làm chậm mạng internet một chút ở châu Âu, nhưng chúng tôi đã không nhìn thấy bất kỳ sự chậm lại đáng kể trong kết nối internet ở Úc”, bà Dreyfus nói với ABC News.</p>\n<p  0px; padding: 0px; border: none; outline: none; font-size: 17px; line-height: 25px;">&#160;</p>\n<div  0px; padding: 0px; border: none; outline: none; font-size: 17px; line-height: 25px; text-align: center;"><img src="http://webdata.vcmedia.vn/webdata/100/75cc22nghenmang3.jpg" width="500" height="281" alt="Vụ tấn công mạng lớn nhất toàn cầu là bị thổi phồng 3" title="Vụ tấn công mạng lớn nhất toàn cầu là bị thổi phồng 3" lb="3"  0px; padding: 0px; border: none; outline: none; max-width: 600px;" />\n<div class="caption"  0px; padding: 0px; border: none; outline: none;">&#160;&#160;</div>\n</div>\n<p  0px; padding: 0px; border: none; outline: none; font-size: 17px; line-height: 25px;">Tấn công từ chối dịch vụ gửi đến máy chủ lượng dữ liệu khổng lồ để làm tê liệt máy chủ đó, nhưng cách tấn công cũ kỹ này đã không còn làm mạng internet toàn cầu bị ảnh hưởng vì cò nhiều công cụ hạn chế cuộc tấn công đó</p>\n<p  0px; padding: 0px; border: none; outline: none; font-size: 17px; line-height: 25px;">&#160;</p>\n<p  0px; padding: 0px; border: none; outline: none; font-size: 17px; line-height: 25px;">Báo Mercury News (Mỹ) ngày 27.3 cũng nhận xét rằng người sử dụng internet bình thường về cơ bản là khó tránh được các loại tấn công từ chối dịch vụ như đã xảy ra với Spamhaus. Tuy nhiên, họ có thể ngăn chặn các máy tính của họ bị tấn công kiểu này bằng cách sử dụng phần mềm chống virus và luôn cập nhật phần mềm đó.</p>\n</div>', '{"tags":["B\\u1ea3o m\\u1eadt","Hacker","Tin t\\u1eb7c","DDos"],"tags_rewrite":["bao-mat","hacker","tin-tac","ddos"]}', '4b0c8cnghenmang1.jpg', '2013-03-29 00:17:18', 200);
INSERT INTO `tbl_news` (`news_id`, `news_title`, `news_rewrite`, `news_author`, `news_info`, `news_full`, `news_tags`, `news_images`, `news_date`, `cago_id`) VALUES
(98, 'Khách hàng bị tổn thương vì dịch vụ 3G', 'khach-hang-bi-ton-thuong-vi-dich-vu-3g', 'Genk.vn', 'Khi chất lượng mạng 3G “có vấn đề”, nếu chưa có tiêu chuẩn quy định rõ ràng, doanh nghiệp cung cấp vẫn có thể “làm ngơ” và có những "trả lời" khiến người dùng không khỏi bất bình, thậm chí cảm thấy tổn thương.', '&#160;\n<div>&#160;</div>\n<div>\n<div  0px; padding: 0px; border: none; outline: none; font-size: 17px; line-height: 25px; text-align: center;"><img src="http://webdata.vcmedia.vn/webdata/100/c4e028vnm20132362177.jpg" width="450" height="386" alt="Khách hàng bị tổn thương vì dịch vụ 3G 1" title="Khách hàng bị tổn thương vì dịch vụ 3G 1" lb="1"  0px; padding: 0px; border: none; outline: none; max-width: 600px;" />\n<div class="caption"  0px; padding: 0px; border: none; outline: none;"><i  0px; padding: 0px; border: none; outline: none;">Người dùng kêu chất lượng mạng 3G Viettel.</i></div>\n<div class="caption"  0px; padding: 0px; border: none; outline: none;"><i  0px; padding: 0px; border: none; outline: none;"><br  0px; padding: 0px; border: none; outline: none;" />\n</i></div>\n</div>\n<p  0px; padding: 0px; border: none; outline: none; font-size: 17px; line-height: 25px;">Những ngày qua, một số báo mạng đã phản ánh về hiện tượng “thuê bao D-Com 3G và thuê bao di động Viettel khi truy cập truy cập vào một số trang báo điện tử và website gặp rất nhiều khó khăn. Cụ thể, ngày 21/3/2013, báo điện tử Dân trí có đưa tin “Thuê bao Viettel không thể đọc báo bằng dịch vụ&#160;<b  0px; padding: 0px; border: none; outline: none;"><a href="http://northstar.vn/tags/3g"  0px; padding: 0px; border: none; outline: none; color: blue;">3G</a></b>”. Bài báo cũng nêu, có một điểm chung là tất cả những website này đều đặt server tại VDC.</p>\n<p  0px; padding: 0px; border: none; outline: none; font-size: 17px; line-height: 25px;">&#160;</p>\n<p  0px; padding: 0px; border: none; outline: none; font-size: 17px; line-height: 25px;">Ngay sau đó, vào ngày 22/3, công ty Điện toán và Truyền số liệu VDC đã có thông tin chính thức về vấn đề này. Ngay khi có thông tin từ ngày 01/03/2013, tất cả các thuê bao&#160;<b  0px; padding: 0px; border: none; outline: none;"><a href="http://northstar.vn/tags/3g">3G</a></b>, Dcom 3G của Viettel không truy nhập được vào nhiều trang web hiện đang hosting tại VDC như: nhaccuatui.com; dantri.com.vn; ongame.vn; sgame.vn; kenh14.vn; tamtay.vn; thapthanh.net; cafef.vn,… công ty Điện toán và Truyền số liệu VDC đã thực hiện các cuộc gọi test tới Đài hỗ trợ của Viettel 19008198.</p>\n<p  0px; padding: 0px; border: none; outline: none; font-size: 17px; line-height: 25px;">&#160;</p>\n<p  0px; padding: 0px; border: none; outline: none; font-size: 17px; line-height: 25px;">Viettel trả lời khiếu nại của khách hàng&#160;<b  0px; padding: 0px; border: none; outline: none;">3G</b>&#160;như sau: “do VDC quản lý trang Web nhaccuatui.com và chặn khách hàng&#160;<b  0px; padding: 0px; border: none; outline: none;">3G</b>&#160;của Viettel nên khách hàng không truy nhập vào trang đó và do Viettel đang tiến hành thỏa thuận lại dịch vụ với VDC…” (thông tin này VDC đã có ghi âm lại cuộc gọi với Đài hỗ trợ của Viettel).</p>\n<p  0px; padding: 0px; border: none; outline: none; font-size: 17px; line-height: 25px;">&#160;</p>\n<p  0px; padding: 0px; border: none; outline: none; font-size: 17px; line-height: 25px;">Đến ngày 22/03/2013, một số website trên đã có thể truy nhập bình thường từ thuê bao&#160;<b  0px; padding: 0px; border: none; outline: none;">3G&#160;</b>của Viettel, tuy nhiên hiện tượng trên vẫn còn diễn ra tại trang Web: dantri.com.vn, khách hàng truy nhập vào trang này thường xuyên bị chậm, có lúc không thể truy nhập được.</p>\n<p  0px; padding: 0px; border: none; outline: none; font-size: 17px; line-height: 25px;">&#160;</p>\n<p  0px; padding: 0px; border: none; outline: none; font-size: 17px; line-height: 25px;">Tuy nhiên, qua xác minh, hệ thống của VDC vẫn hoạt động ổn định và việc kết nối đến các trang web như nêu trên từ các thuê bao Internet của các nhà mạng khác vẫn diễn ra bình thường. Công ty VDC đã kiểm tra một số trang web như Cổng thông tin Chính phủ điện tử, website Bộ Thông tin và Truyền thông, báo điện tử Đảng cộng sản Việt Nam hiện đang đặt server tại VDC thì tình trạng kết nối từ thuê bao Internet của tất cả các nhà mạng, kể cả Viettel vẫn bình thường.</p>\n<p  0px; padding: 0px; border: none; outline: none; font-size: 17px; line-height: 25px;">&#160;</p>\n<p  0px; padding: 0px; border: none; outline: none; font-size: 17px; line-height: 25px;">Sau báo Dân trí, đến lượt báo Nhân dân điện tử cũng đã có phản ánh về vấn đề tương tự. Đặc biệt, trong lần này, phía Viettel đã lý giải, nguyên nhân của tình trang trên là là do “đang trong quá trình chuyển đổi hệ thống và phát sinh lỗi". Đại diện Viettel nói sẽ rút kinh nghiệm về vấn đề này.</p>\n<p  0px; padding: 0px; border: none; outline: none; font-size: 17px; line-height: 25px;">&#160;</p>\n<div  0px; padding: 0px; border: none; outline: none; font-size: 17px; line-height: 25px; text-align: center;"><img src="http://webdata.vcmedia.vn/webdata/100/5d7894vnm20132362266.jpg" width="400" height="210" alt="Khách hàng bị tổn thương vì dịch vụ 3G 2" title="Khách hàng bị tổn thương vì dịch vụ 3G 2" lb="2"  0px; padding: 0px; border: none; outline: none; max-width: 600px;" />\n<div class="caption"  0px; padding: 0px; border: none; outline: none;">&#160;&#160;</div>\n</div>\n<p  0px; padding: 0px; border: none; outline: none; font-size: 17px; line-height: 25px;">Giải thích về sự việc này, một số chuyên gia cho rằng, sự cố mấy ngày qua là do Viettel giảm lưu lượng đường truyền về hệ thống của VDC để chặn bạn đọc truy cập vào các website có máy chủ đặt tại Công ty này. Báo Nhân dân điện tử đã có bằng chứng là ảnh chụp từ màn hình thiết bị cầm tay của một độc giả khi đọc báo Nhân Dân điện tử bằng<b  0px; padding: 0px; border: none; outline: none;">&#160;3G</b>&#160;của Viettel. Bức ảnh thể hiện thể hiện gói tin đi từ Viettel sang đến đầu kết nối của VDC trễ đến 2267ml/giây khiến nhiều bạn đọc đành hủy kết nối.</p>\n<p  0px; padding: 0px; border: none; outline: none; font-size: 17px; line-height: 25px;"><b  0px; padding: 0px; border: none; outline: none;"><br  0px; padding: 0px; border: none; outline: none;" />\n</b></p>\n<p  0px; padding: 0px; border: none; outline: none; font-size: 17px; line-height: 25px;"><b  0px; padding: 0px; border: none; outline: none;">Nên bắt buộc “quản” chất lượng dịch vụ 3G</b></p>\n<p  0px; padding: 0px; border: none; outline: none; font-size: 17px; line-height: 25px;">&#160;</p>\n<p  0px; padding: 0px; border: none; outline: none; font-size: 17px; line-height: 25px;">Việc gặp sự cố trong suốt quá trình cung cấp dịch vụ là điều không mong muốn của doanh nghiệp nhưng cũng khó tránh khỏi. Vấn đề đặt ra qua sự việc này đó là, đã không đưa ra những cảnh báo, chỉ dẫn, chia sẻ giúp người dùng nắm bắt được nguyên nhân từ đâu, hướng khắc phục thế nào... mà lời giải thích từ phía tổng đài nhà mạng lại “đá quả bóng” sang doanh nghiệp mà các tờ báo mạng, website đặt hosting.</p>\n<p  0px; padding: 0px; border: none; outline: none; font-size: 17px; line-height: 25px;">&#160;</p>\n<p  0px; padding: 0px; border: none; outline: none; font-size: 17px; line-height: 25px;">Có thể nói, cách hành xử đó của nhà cung cấp đã khiến khách hàng, kể cả những người sử dụng dịch vụ <a href="http://northstar.vn/tags/3g">3G</a> của Viettel lẫn những thuê bao đang đặt server tại VDC đều không hài lòng, thậm chí còn bị tổn thương. Cùng với đó, qua sự việc trên, dấy lên mong muốn cần có sự tham gia quản lý chặt chất lượng dịch vụ từ phía cơ quan quản lý nhà nước. Đây cũng là cơ sở để đưa ra những kết luận chính xác, khách quan nhất về chất lượng dịch vụ của nhà mạng.</p>\n<p  0px; padding: 0px; border: none; outline: none; font-size: 17px; line-height: 25px;">&#160;</p>\n<p  0px; padding: 0px; border: none; outline: none; font-size: 17px; line-height: 25px;">Còn nhớ, vào giai đoạn 2004-2006, thời điểm dịch vụ ADSL phát triển nóng tới mức chất lượng không theo kịp sự phát triển đã khiến người dùng không khỏi kêu ca, phàn nàn. Và năm 2006, cơ quan quản lý nhà nước khi ấy là Bộ Bưu chính Viễn thông đã sớm đưa dịch vụ truy nhập Internet ADSL thuộc diện bắt buộc phải quản lý chất lượng theo tiêu chuẩn ngành TCN 68-227.</p>\n<p  0px; padding: 0px; border: none; outline: none; font-size: 17px; line-height: 25px;">&#160;</p>\n<p  0px; padding: 0px; border: none; outline: none; font-size: 17px; line-height: 25px;">Tiêu chuẩn chất lượng ngành là cơ sở để người sử dụng giám sát chất lượng dịch vụ; cơ quan quản lý Nhà nước và các doanh nghiệp cung cấp dịch vụ thực hiện quản lý chất lượng dịch vụ theo các quy định của Nhà nước và của Bộ chủ quản.</p>\n<p  0px; padding: 0px; border: none; outline: none; font-size: 17px; line-height: 25px;">&#160;</p>\n<p  0px; padding: 0px; border: none; outline: none; font-size: 17px; line-height: 25px;">Cho tới thời điểm này, dịch vụ công nghệ 3G cũng đã được các doanh nghiệp cung cấp sang năm thứ tư. Với xu hướng hiện nay, khi nhu cầu sử dụng dịch vụ data của người dùng di động ngày càng tăng cao, thiết nghĩ, việc quản chặt chất lượng dịch vụ 3G sẽ giúp cho các “thượng đế” sử dụng dịch vụ có phí mà không bị chuốc lấy bực mình.</p>\n</div>', '{"tags":["Internet","3g"],"tags_rewrite":["internet","3g"]}', 'c4e028vnm20132362177.jpg', '2013-03-29 00:42:32', 184),
(99, 'Facebook bị Yahoo, Microsoft qua mặt', 'facebook-bi-yahoo--microsoft-qua-mat', 'Genk.vn', 'Vị trí số 1 của Google là hoàn toàn không đáng ngạc nhiên, song vị trí thứ 2 và thứ 3 của Yahoo và Microsoft có thể gây bất ngờ cho nhiều người.', '&#160;\n<div>&#160;</div>\n<div>\n<div  0px; padding: 0px; border: none; outline: none; font-size: 17px; line-height: 25px; text-align: center;">\n<div align="center"  0px; padding: 0px; border: none; outline: none;">\n<p align="center"  0px; padding: 0px; border: none; outline: none;"><img src="http://genk2.vcmedia.vn/Article/2013/03/26/1303263bmhbQK.png" alt="" title="" lb="1"  0px; padding: 0px; border: none; outline: none; max-width: 600px; cursor: none;" /><br  0px; padding: 0px; border: none; outline: none;" />\n<i  0px; padding: 0px; border: none; outline: none;">Nghiên cứu của ComScore, với lượng các con số được tính trên đơn vị 1000 người.</i></p>\n<p align="center"  0px; padding: 0px; border: none; outline: none;"><i  0px; padding: 0px; border: none; outline: none;"><br  0px; padding: 0px; border: none; outline: none;" />\n</i></p>\n</div>\n</div>\n<p  0px; padding: 0px; border: none; outline: none; font-size: 17px; line-height: 25px;">Trang tin công nghệ&#160;<i  0px; padding: 0px; border: none; outline: none;">CNET</i>&#160;vừa đăng kết quả nghiên cứu mới của ComScore về lượng người dùng của các website trên Internet, trong đó Groupon, Zynga và Pandora đạt được sự tăng trưởng cao nhất: hơn 200%. Đây là một thành công lớn, xét tới việc cả 3 công ty này đều đã có những sự xáo trộn và con số doanh thu thấp trong năm vừa qua.</p>\n<p  0px; padding: 0px; border: none; outline: none; font-size: 17px; line-height: 25px;">&#160;</p>\n<p  0px; padding: 0px; border: none; outline: none; font-size: 17px; line-height: 25px;">Nghiên cứu của ComScore được dựa trên công cụ "Media Metrix Multi-Platform" mới của hãng, cho biết lượng người dùng đối với các trang web trên mỗi nền tảng. Với 228,1 triệu người dùng (tăng 16%), Google vẫn đứng đầu. <a href="http://northstar.vn/tags/yahoo">Yahoo</a> về nhì với 210,6 triệu người dùng (tăng 13%). Microsoft ở vị trí thứ 3 với 175,9 triệu người dùng, chỉ nhỉnh hơn 1,1 triệu người dùng so với <a href="http://northstar.vn/tags/facebook">Facebook</a>. Amazon đứng cuối trong top 5, Apple đứng ở vị trí số 8, ngay phía trên Wikipedia.</p>\n<p  0px; padding: 0px; border: none; outline: none; font-size: 17px; line-height: 25px;">&#160;</p>\n<p  0px; padding: 0px; border: none; outline: none; font-size: 17px; line-height: 25px;">Ngoài ra, các công ty đứng đầu đều chứng kiến sự tăng trưởng 2 con số trên thị trường, ngoại trừ Microsoft với con số khá thất vọng: 6%. Apple đạt sự tăng trưởng mạnh mẽ nhất trên nền tảng di động: 54%, cho thấy sức mạnh của iPhone và iPad.</p>\n</div>', '{"tags":["Facebook","M\\u1ea1ng x\\u00e3 h\\u1ed9i","Yahoo","Microsoft"],"tags_rewrite":["facebook","mang-xa-hoi","yahoo","microsoft"]}', '1303263bmhbQK.png', '2013-03-29 00:44:54', 184);

-- --------------------------------------------------------

--
-- Table structure for table `tbl_online`
--

CREATE TABLE IF NOT EXISTS `tbl_online` (
  `id` int(10) unsigned NOT NULL AUTO_INCREMENT,
  `time` varchar(100) CHARACTER SET utf8 NOT NULL,
  `user_ip` varchar(100) CHARACTER SET utf8 NOT NULL,
  `local` varchar(150) CHARACTER SET utf8 NOT NULL,
  `date` int(10) NOT NULL,
  PRIMARY KEY (`id`)
) ENGINE=MyISAM  DEFAULT CHARSET=latin1 AUTO_INCREMENT=30442 ;

--
-- Dumping data for table `tbl_online`
--

INSERT INTO `tbl_online` (`id`, `time`, `user_ip`, `local`, `date`) VALUES
(30441, '1404668147', '127.0.0.1', '/hittech/index.php', 0);

-- --------------------------------------------------------

--
-- Table structure for table `tbl_order`
--

CREATE TABLE IF NOT EXISTS `tbl_order` (
  `id` int(10) unsigned NOT NULL AUTO_INCREMENT,
  `name` varchar(200) CHARACTER SET utf8 NOT NULL,
  `local` varchar(255) CHARACTER SET utf8 NOT NULL,
  `phone` varchar(100) CHARACTER SET utf8 NOT NULL,
  `email` varchar(200) CHARACTER SET utf8 NOT NULL,
  `info` text CHARACTER SET utf8 NOT NULL,
  `price` varchar(100) CHARACTER SET utf8 NOT NULL,
  `message` text CHARACTER SET utf8 NOT NULL,
  `images` varchar(200) CHARACTER SET utf8 NOT NULL,
  `re_name` varchar(200) CHARACTER SET utf8 NOT NULL,
  `re_local` varchar(255) CHARACTER SET utf8 NOT NULL,
  `re_phone` varchar(100) CHARACTER SET utf8 NOT NULL,
  `re_email` varchar(200) CHARACTER SET utf8 NOT NULL,
  `number` int(100) NOT NULL,
  `date` datetime NOT NULL,
  `date_nhan` varchar(200) CHARACTER SET utf8 NOT NULL,
  `nhanhang` text CHARACTER SET utf8 NOT NULL,
  PRIMARY KEY (`id`)
) ENGINE=MyISAM  DEFAULT CHARSET=latin1 AUTO_INCREMENT=21 ;

-- --------------------------------------------------------

--
-- Table structure for table `tbl_posts`
--

CREATE TABLE IF NOT EXISTS `tbl_posts` (
  `post_id` int(10) unsigned NOT NULL AUTO_INCREMENT,
  `post_title` varchar(200) CHARACTER SET utf8 NOT NULL,
  `post_title_rewrite` varchar(200) CHARACTER SET utf8 NOT NULL,
  `post_author` varchar(100) CHARACTER SET utf8 NOT NULL,
  `post_shotinfo` varchar(255) NOT NULL,
  `post_info` text CHARACTER SET utf8 NOT NULL,
  `post_value` longtext CHARACTER SET utf8 NOT NULL,
  `post_tags` varchar(255) CHARACTER SET utf8 NOT NULL,
  `post_image` varchar(200) CHARACTER SET utf8 NOT NULL,
  `post_status` int(10) DEFAULT NULL,
  `post_keys` text CHARACTER SET utf8 NOT NULL,
  `post_des` text CHARACTER SET utf8 NOT NULL,
  `post_date` varchar(200) CHARACTER SET utf8 NOT NULL,
  `cago_id` int(10) NOT NULL,
  `cate_id` int(10) NOT NULL,
  PRIMARY KEY (`post_id`)
) ENGINE=MyISAM  DEFAULT CHARSET=latin1 AUTO_INCREMENT=20 ;

--
-- Dumping data for table `tbl_posts`
--

INSERT INTO `tbl_posts` (`post_id`, `post_title`, `post_title_rewrite`, `post_author`, `post_shotinfo`, `post_info`, `post_value`, `post_tags`, `post_image`, `post_status`, `post_keys`, `post_des`, `post_date`, `cago_id`, `cate_id`) VALUES
(1, 'MiniDuke spyware strikes government and criminals', 'miniduke-spyware-strikes-government-and-criminals', 'admin', 'MiniDuke spyware strikes government and criminals', 'A mysterious organization is using the MiniDuke malware to sneakily  collect data from usual targets - such as government entities, in  addition to less traditional ones - such as drug dealers<br />', '<br />', '', 'hand_on_mouse-578-801.jpg', NULL, 'A mysterious organization is using the MiniDuke malware to sneakily collect data from usual targets', 'A mysterious organization is using the MiniDuke malware to sneakily collect data from usual targets - such as government entities, in addition to less traditional ones - such as drug dealers', '07/07/2014', 1, 1),
(2, 'Sony Xperia Z2 review', 'sony-xperia-z2-review', 'admin', 'The jack of all trades flagship smartphone', 'So here I am, it''s a little over 12 months since the Xperia Z hit selves and I''m checking out the third iteration of the Japanese firm''s flagship series, the Sony Xperia Z2.<br />\r\n<p href="http://www.techradar.com/reviews/phones/mobile-phones/sony-xperia-z1-1177393/review" past="" look="" to="" got="" almost="" little="" a="" be="" may="" timing="" the="">Xperia Z1 completely, the Xperia Z2 is a flagship smartphone in its own right and it heralds the next generation for Sony.</p>\r\n<p p="" compact="" more="" slightly="" a="" and="" hood="" the="" under="" power="" increased="" improved="" an="" with="" predecessors="" its="" builds="">Samsung Galaxy S5, HTC One M8 and Nokia Lumia 930 this year - and with that in mind it''s got its work cut out.</p>\r\n<p p="" trickling="" are="" units="" although="" htc="" to="" hand="" upper="" an="" giving="" thus="" and="" release="" april="" early="" original="" its="" missing="" into="" z2="" xperia="" the="" getting="" trouble="" some="" had="">&#160;</p>\r\n<p p="" least="" at="" back="" you="" setting="" z2="" xperia="" free="" sim="" with="" flagship="" a="" from="" expect="" tag="" price="" lofty="" the="" carries="">&#160;</p>', '<img width="580" height="325" alt="" src="http://localhost/hittech/uploaded/articles/xperia-z2.JPG" />\r\n<p p="" your="" up="" make="" you="" help="" factor="" pricing="" them="" between="" choose="" to="" way="" a="" for="" looking="" if="" so="" direct="" its="" with="" par="" much="" pretty="" z2="" xperia="" sony="" the="" puts="">&#160;</p>\r\n<img width="580" height="325" alt="" src="http://localhost/hittech/uploaded/articles/xperia-z2-1.JPG" />\r\n<p p="" losing="" fighting="" like="" felt="" i="" back="" round="" happening="" thing="" same="" exactly="" with="" and="" a="" after="" frustrating="" rather="" got="" this="" again.="" up="" built="" they="" minutes="" within="" but="" off="" smudges="" clear="" to="" z2="" xperia="" sony="" the="" wiping="" constantly="" was=""><br />\r\nZ1 Compact, which were found to scratch and scuff remarkably easily making the handsets look bruised and battered.</p>\r\n<p p="" galaxy="" m8="" well="" as="" predecessor="" than="" taller="" it="" making="" z2="" xperia="" length="" extending="" below="" and="" above="" bezels="" sizable="" of="" trend="" its="" continues="" sony="" front="" the="">&#160;</p>', '', 'xperia-z2.JPG', NULL, 'Sony Xperia Z2 review', 'The Xperia Z2 is an excellent smartphone with all the components you''d expect from a flagship device, providing a pleasing user experience. The trouble is, it doesn''t excite me.', '09/07/2014', 1, 3),
(3, 'Sony Xperia Z1 review', 'sony-xperia-z1-review', 'admin', 'The next level of Sony''s Android ambitions or a needless mid-cycle vanity upgrade?', '<span  verdana, arial, helvetica, clean, sans-serif; font-size: 13px; line-height: 16.00299835205078px;">Previously going by the codename Honami, the Sony Xperia Z1 is the follow up to the waterproof&#160;</span>Sony Xperia Z<span  verdana, arial, helvetica, clean, sans-serif; font-size: 13px; line-height: 16.00299835205078px;">&#160;smartphone launched last year and is the big brother of the more recently released&#160;</span>Xperia Z1 Compact<span  verdana, arial, helvetica, clean, sans-serif; font-size: 13px; line-height: 16.00299835205078px;">.</span><span  verdana, arial, helvetica, clean, sans-serif; font-size: 13px; line-height: 16.00299835205078px;"><br />\r\n</span>', '<br />', '', 'Xperia-z1.jpg', NULL, 'Sony Xperia Z1 review', 'Sony has now upgraded the Xperia Z1 to run on Google''s Android 4.4.2 KitKat release. We''ve updated the review again to reflect this', '08/07/2014', 1, 3),
(4, 'HTC One review', 'htc-one-review', 'admin', 'Ultrapixels, Zoes, Blinkfeed and more: HTC is going all out', 'Android 4.4 is on its way to the HTC One in the UK - albeit a little later than expected after some issues caused it to be rolled back by HTC. We''re awaiting the software and will update the review as soon as we can!', '<span>After months on sale, the HTC One is still our top pick of the smartphones available at the moment - and with all new software, it''s now even better.</span>\r\n<p class="amzn-taggable-text">While it may not have been borne out in sales, the One is definitely the phone that the likes of Samsung and Apple have been aspiring to.<br />\r\n&#160;</p>\r\n<p class="amzn-taggable-text">It''s got a full HD screen crammed into 4.7-inches, which brings a 468ppi – well above what''s needed for the eye to discern, and it does definitely bring sumptuous sharpness throughout the use of the phone.</p>\r\n<p class="amzn-taggable-text">On top of that there''s a good CPU and RAM combo, a more-than-enough 32GB of storage and top-end Bluetooth, Wi-Fi and 3G / 4G connections, all topped off by a completely re-imagined version of HTC Sense. What''s not to like?<br />\r\n<br />\r\n<img src="http://localhost/hittech/uploaded/articles/HTC_One_review_01-580-90.JPG" width="580" height="326" alt="" /><br />\r\n&#160;</p>\r\n<p class="amzn-taggable-text">Given the One is now nearly a year on sale, the price is a little high for our tastes - there are better specified, if not designed, phones on the market, and be warned that its successor is likely to drop in the next few months.</p>\r\n<p class="amzn-taggable-text">The design of the HTC One is something that you simply have to experience in the hand though. Where those that pick up the&#160;Samsung Galaxy S4&#160;will go '' Oh, it''s a bit plastic, isn''t it? But ooh, it''s quite light'' and those who encounter the&#160;iPhone 5S&#160;will, to a person, say ''Ooh, it''s very light isn''t it? You don''t expect it to be that light!'' those that try the HTC One will simply intone: ''Oh, that''s really nice. Really, really nice.<br />\r\n<br />\r\n<img src="http://localhost/hittech/uploaded/articles/HTC_One_review_nature_07-580-90.jpg" width="580" height="326" alt="" /><br />\r\n&#160;</p>\r\n<p class="amzn-taggable-text">And do you know why? Simple: the&#160;HTC One&#160;is one of the best-designed phones on the planet. Not content with inventing a new machining process to allow the body to be all aluminium, the Taiwanese firm has extended the screen to the edges of the chassis further than ever before, meaning you''re getting a 4.7-inch Full HD display without the additional heft you''d probably expect.</p>\r\n<p class="amzn-taggable-text">It''s even thinner than its predecessor, the HTC One X (we know, that naming strategy leaves a lot to be desired) and as such slides nicely in the pocket.</p>\r\n<p class="amzn-taggable-text">It''s not light either, weighing more than most of the competition, but rather than feeling overweight, combined with the metallic chassis is oozes a premium build. Samsung is probably hoping not a lot of people hold this phone side-by-side with the Galaxy&#160;S4&#160;as otherwise the buying choice is going to be a lot more of a worry for the Koreans.<br />\r\n<br />\r\n<img src="http://localhost/hittech/uploaded/articles/HTC_One_review_nature_03-580-90.jpg" width="580" height="326" alt="" /><br />\r\n<br />\r\n&#160;</p>\r\n<p class="amzn-taggable-text">On top of that, there''s a whole host of little design wins that delight when you first try the HTC One. For instance, the machined holes that allow sound toe emanate from the dual front-facing speakers (can you say BOOMSOUND?) looks amazing, and the lines on the back of the phone give a nice textured movement to things, helping to break up the constant greyness of the aluminium.</p>\r\n<p class="amzn-taggable-text">You could argue that straight on it looks far too much like either an iPhone 5, with its chamfered edges, or a BlackBerry Z10 front on, and you''d have a good point as this phone doesn''t reinvent the rectangle-with-rounded-edges formula that we''re so used to, but in the hand the curved back brings a whole new dimension to things.<br />\r\n<br />\r\n<img src="http://localhost/hittech/uploaded/articles/HTC_One_review_nature_10-580-90.jpg" width="580" height="326" alt="" /><br />\r\n&#160;</p>\r\n<p class="amzn-taggable-text">The volume control on the right-hand side of the phone is in the same dazzling metal, and contrasts nicely with the rubber/plastic that makes up the sides. Our sample actually showed a fair amount of wiggle in this area, and slightly detracted from the overall premium feel. However, later models have deleted this problem, so chances are you won''t notice it either.</p>\r\n<p class="amzn-taggable-text">The power button resides on the top, and doubles as the infra-red blaster - however, this is one of the poorer points as it doesn''t have a whole lot of travel.<br />\r\n<br />\r\n<img src="http://localhost/hittech/uploaded/articles/HTC_One_review_04-580-90.JPG" width="580" height="326" alt="" /><br />\r\n&#160;</p>\r\n<p class="amzn-taggable-text">Similarly, the placement of this button, even on a phone that''s been shrunk down while accommodating a larger screen, is still a bit inconvenient. We had to shuffle the phone around in the palm to turn it on and off on many occasions, and a lot of the time we couldn''t use our thumb to hit the whole of the screen without jiggling the phone up and down.</p>\r\n<p class="amzn-taggable-text">That''s another problem with the design: it''s pretty slippery thanks to the metallic chassis. We thankfully only ever suffered two serious drops when we were about a foot off the carpet (basically scrabbling for it to turn off the alarm in the morning) and a more alarming one stepping out of a cab, but there have been a few near misses when trying to manoeuvre around the screen.</p>\r\n<p class="amzn-taggable-text">If only that power button was on the side (as it is on the&#160;HTC One Max), or a physical home button unlocked the phone, this whole issue would be negated for a large part.<br />\r\n<br />\r\n<img src="http://localhost/hittech/uploaded/articles/HTC_One_review_25-580-90.JPG" width="580" height="326" alt="" /><br />\r\n&#160;</p>\r\n<p class="amzn-taggable-text">But as we mentioned, HTC has wandered away from the physical buttons - where once it put a trackpad in the Nexus One, now it''s stripped the capacitive buttons down from three to two, with the multi-tasking option going the way of the dodo. You can still get the same functionality by double tapping the home button, but it''s not the same.</p>\r\n<p class="amzn-taggable-text">Overall though, you can guess we''re impressed with the construction and design of the&#160;HTC One. We''re not even looking at final hardware here - although we appear to have got lucky with our sample, as there are few design flaws in sight - so the chances of metallic chipping (''because that''s just what it does....'' OK, Apple) are slight to say the least - providing you don''t fling it on tarmac. Seriously, we tried that... don''t do it.</p>', '', 'htc-one.jpg', NULL, 'HTC One review', 'HTC One review. Android 4.4 is on its way to the HTC One in the UK - albeit a little later than expected after some issues caused it to be rolled back by HTC. We''re awaiting the software and will update the review as soon as we can!', '08/07/2014', 1, 3),
(5, 'Nokia Lumia 930 release date confirmed for July 17', 'nokia-lumia-930-release-date-confirmed-for-july-17', 'admin', 'Nokia Lumia 930 release date confirmed for July 17', '<span  rgb(51, 51, 51); font-family: Helvetica, arial, sans-serif; font-size: 14px; line-height: 20px;">The&#160;</span>Nokia Lumia 930<span  rgb(51, 51, 51); font-family: Helvetica, arial, sans-serif; font-size: 14px; line-height: 20px;">&#160;will touch down in the UK on July 17, and you''ll be able to pick it up for free on contracts starting at £33 per month.</span>', '<span  rgb(51, 51, 51); font-family: Helvetica, arial, sans-serif; font-size: 14px; line-height: 20px;">This is one of the most powerful Windows Phones to date sporting a 5-inch full HD display, 2.2GHz quad-core Snapdragon 800 processor, 2GB of RAM, 32GB of internal storage, 20MP rear camera, 1.2MP front camera and a 2420mAh battery.</span>\r\n<p  14px; line-height: 20px; width: 480px; margin: 10px 0px 0px; color: rgb(51, 51, 51); font-family: Helvetica, arial, sans-serif;">That makes it almost identical to the&#160;Lumia 1520, which sports a larger screen and battery, but the kicker for the Lumia 930 is that it arrives running&#160;Windows Phone 8.1, Microsoft''s latest incarnation of its mobile platform.</p>\r\n<h3  20px; line-height: 1em; letter-spacing: -0.5px; width: 480px; margin: 20px 0px 10px; padding-bottom: 10px; color: rgb(51, 51, 51); font-family: Helvetica, arial, sans-serif;">Keeping pace</h3>\r\n<p  14px; line-height: 20px; width: 480px; margin: 0px; color: rgb(51, 51, 51); font-family: Helvetica, arial, sans-serif;">It also means the Lumia 930 manages to keep pace with the Android crowd, although the&#160;Samsung Galaxy S5,&#160;HTC One M8,&#160;Sony Xperia Z2&#160;and&#160;LG G3&#160;all sport the newer, more efficient Snapdragon 801 chip and are slightly cheaper on contract.</p>\r\n<p  14px; line-height: 20px; width: 480px; margin: 10px 0px 0px; color: rgb(51, 51, 51); font-family: Helvetica, arial, sans-serif;">You''ll be able to pick the Lumia 930 up in orange, green, black and white - the latter of which is an exclusive to Phones4U. There''s currently no word on PAYG and SIM-only prices, but we''ll keep you updated.</p>', '', 'Lumia-930.jpg', NULL, 'Nokia Lumia 930 release date confirmed for July 17', 'Nokia Lumia 930 release date confirmed for July 17.The Nokia Lumia 930 will touch down in the UK on July 17, and you''ll be able to pick it up for free on contracts starting at £33 per month.', '07/07/2014', 1, 1),
(6, 'Hands on Nokia Lumia 930 review', 'hands-on-nokia-lumia-930-review', 'admin', 'Nokia''s new flagship wants to play with the big boys of mobile', '<span>The Lumia 930 is the most complete Windows Phone to date. It''s the first to properly challenge the flagship might of Android and iOS with its impressive design, new Windows Phone 8.1 software and all round decent specs</span>', '<span>The number of high-end flagship smartphones is quickly increasing and with the Nokia Lumia 930 the latest offering from the Finnish firm the total for 2014 now stands at five.</span>\r\n<p>Replacing the&#160;Lumia 925, the Lumia 930 is looking to take on the likes of the&#160;Samsung Galaxy S5,&#160;Sony Xperia Z2,&#160;HTC One M8&#160;and&#160;LG G3&#160;this year and it''s got some new software to aid it.</p>\r\n<p>Nokia has equipped the Lumia 930 with&#160;Windows Phone 8.1, the latest version of the software to come from Microsoft and it''ll be one of the very first handsets to ship with the refreshed OS.</p>\r\n<p>It''s the first high-end smartphone to arrive with WP 8.1, with only the budget&#160;Lumia 630&#160;and&#160;Lumia 635&#160;getting in ahead of it - although the latter is yet to make it into stores just yet.</p>\r\n<p>In terms of actually getting you hands on the Nokia Lumia 930, well that''s not quite as black and white, as it''s been given a rather woolly release date of the end of June/the start of July.<br />\r\n<br />\r\n<img src="http://localhost/hittech/uploaded/articles/Lumia930-HandsOn-01-580-90.JPG" width="580" height="325" alt="" /><br />\r\n&#160;</p>\r\n<p>There is a price, with Nokia confirming $599 (around £360, AU$650) which actually isn''t too bad for a flagship handset and that could make it a tempting proposition for those on a restricted budget looking for a top-end phone.</p>\r\n<p>The quoted price is before the inevitable "taxes and subsidies", but even after those additions the Lumia 930 should still undercut its direct competition - I''m seeing early SIM-free prices around the £480 mark in the UK.</p>\r\n<p>A word of warning though, Nokia says the Lumia 930 will begin to roll out "in Europe, Asia, India, Middle East and Latin America – and will continue to rollout throughout the world (except the US) throughout the summer.<br />\r\n<br />\r\n<img src="http://localhost/hittech/uploaded/articles/Lumia930-HandsOn-08-580-90.JPG" width="580" height="325" alt="" /><br />\r\n<br />\r\nI expect the US won''t be left completely in the cold though, with a specific variation likely to arrive for the American market - but I''ll have to wait and see.</p>\r\n<p>Back to the handset itself and the Nokia Lumia 930 has been crafted from a single piece of aluminium (like the One M8), although you won''t necessarily know it.</p>\r\n<p>That''s because Nokia has stuck a sheet of polycarbonate on the rear of the Lumia 930 and while it does allow the handset to stand out from the crowd a little with black, white, orange and green finishes, it does detract slightly from the overall build quality.<br />\r\n<br />\r\n<img src="http://localhost/hittech/uploaded/articles/Lumia930-HandsOn-05-580-90.JPG" width="580" height="325" alt="" /><br />\r\n&#160;</p>\r\n<p>Put it up against the HTC One M8 and the Lumia 930 just doesn''t look or feel quite so premium. I''m not saying it''s poorly constructed, far from it fact, as it''s still a robust and rather attractive device.</p>\r\n<p>Compared to the Galaxy S5 and Xperia Z2 the Lumia 930 easily stands it ground and the sturdy build I''ve come to expect from Nokia ensures it feels like it''s capable of taking a few knocks without smashing into a million pieces.</p>\r\n<p>At 137 x 71 x 9.8mm the Nokia Lumia 930 is a little chunkier than its rivals, but to its credit it''s not as tall thanks to some relatively slender bezels.<br />\r\n<br />\r\n<img src="http://localhost/hittech/uploaded/articles/Lumia930-HandsOn-07-580-90.JPG" width="580" height="325" alt="" /><br />\r\n&#160;</p>\r\n<p>This means it still fits in the hand reasonably well and I didn''t fear dropping the handset during my hands on time. I would have liked the edges to be a little more rounded as the blocky design isn''t as comfortable as the gently sloping M8.</p>\r\n<p>The compact body does means you can''t remove the rear cover of the Lumia 930, so there''s no option to swap out the battery.</p>\r\n<p>Nokia has also passed on microSD support instead relying on 32GB of internal storage and 7GB of free Microsoft OneDrive cloud space. That should be more than enough for most users, but there''s still a strong contingent who like the microSD option, myself included.</p>\r\n<p><img src="http://localhost/hittech/uploaded/articles/Lumia930-HandsOn-08-580-90.JPG" width="0" height="0" alt="" /></p>', '', 'Lumia930-HandsOn-06-623-80.JPG', NULL, 'Nokia''s new flagship wants to play with the big boys of mobile', 'Hands on Nokia Lumia 930 review. Nokia''s new flagship wants to play with the big boys of mobile', '09/07/2014', 9, 1),
(7, 'Microsoft''s Android-powered Lumia may give us the best of both worlds', 'microsoft''s-android-powered-lumia-may-give-us-the-best-of-both-worlds', 'admin', 'Colour us interested', '<span  rgb(51, 51, 51); font-family: Helvetica, arial, sans-serif; font-size: 14px; line-height: 20px;">Microsoft''s already dabbled in Android with the&#160;</span>Nokia X<span  rgb(51, 51, 51); font-family: Helvetica, arial, sans-serif; font-size: 14px; line-height: 20px;">, but the relationship may be about to get more serious with rumours of an Android-powered Nokia Lumia phone beginning to swirl.</span>', '<p  14px; line-height: 20px; width: 480px; margin: 10px 0px 0px; color: rgb(51, 51, 51); font-family: Helvetica, arial, sans-serif;">It seems that the X was to mark the start of something much bigger, if word from&#160;@evleaks&#160;is to be believed. The tipster posted: "Big news: Android-powered Lumia incoming, from Nokia by Microsoft."</p>\r\n<p  14px; line-height: 20px; width: 480px; margin: 10px 0px 0px; color: rgb(51, 51, 51); font-family: Helvetica, arial, sans-serif;">Though recently caught out by a hoax claiming the existence of a OnePlus Tab, @evleaks has a pretty bang-on track record, so we''re inclined to pay attention.</p>\r\n<h3  20px; line-height: 1em; letter-spacing: -0.5px; width: 480px; margin: 20px 0px 10px; padding-bottom: 10px; color: rgb(51, 51, 51); font-family: Helvetica, arial, sans-serif;">X-citing prospect</h3>\r\n<p  14px; line-height: 20px; width: 480px; margin: 0px; color: rgb(51, 51, 51); font-family: Helvetica, arial, sans-serif;">We also quite liked the budget Nokia X. While it placed Android at the centre, the handset had the unmistakable colourful design of a Windows Phone. All in all, it took the best aspects of both worlds.</p>\r\n<p  14px; line-height: 20px; width: 480px; margin: 10px 0px 0px; color: rgb(51, 51, 51); font-family: Helvetica, arial, sans-serif;">An Android Lumia will hopefully do the same, giving us a taste of a more premium Google-Microsoft phone.</p>\r\n<p  14px; line-height: 20px; width: 480px; margin: 10px 0px 0px; color: rgb(51, 51, 51); font-family: Helvetica, arial, sans-serif;">Meanwhile, a Nokia Lumia 830 render has seemingly surfaced, showing off a 13MP camera Pureview camera.</p>\r\n<p  14px; line-height: 20px; width: 480px; margin: 10px 0px 0px; color: rgb(51, 51, 51); font-family: Helvetica, arial, sans-serif;">What''s also interesting is the "Nokia by Microsoft" logo, hinting at how Redmond plans to transition to a Microsoft brand name for its phones.</p>\r\n<p  14px; line-height: 20px; width: 480px; margin: 10px 0px 0px; color: rgb(51, 51, 51); font-family: Helvetica, arial, sans-serif;">But as this is just a render there''s no guarantee as to what it is. Could it even be the rumoured Android-based Lumia? Who''s to say...</p>', '', 'NokiaX-6-578-80.jpg', NULL, 'Microsoft''s Android-powered Lumia may give us the best of both worlds', 'Microsoft''s Android-powered Lumia may give us the best of both worlds', '07/07/2014', 1, 1),
(8, 'Blackberry Boss mocks Google, Samsung Knox announcement', 'blackberry-boss-mocks-google-samsung-knox-announcement', 'admin', 'Blackberry Boss mocks Google, Samsung Knox announcement', '<span>There''s an unwritten rule in business that says companies should never mention their competitors because it gives them unwanted publicity. Blackberry''s CEO, John Chen, just did that by pointing to Google''s security announcement from Google IO 2014 last month.</span>', '<span>In a rather odd slide, he commented on the&#160;</span>Google''s decision to adopt Samsung KNOX<span>&#160;for the next generation of Android, called L, saying that while they applauded the plans, they didn''t think it was enough for security-minded enterprises.</span>\r\n<ul>\r\n    <li>BlackBerry Z10 review</li>\r\n</ul>\r\n<p>Instead, Chen encourages us to look to technology companies that have invested 30 years in advancing security and productivity and one in particular that has "proven repeatedly it can walk the walk".</p>\r\n<p>Why Chen chose to do what is a PR exercise when Google IO 2014 has faded is unclear but it is interesting to see that Blackberry considers Android to be a competitor to be reckoned with.</p>\r\n<p>Both companies have had a love-hate history. Blackberry launched its popular&#160;BBM for Android&#160;and opened up its Blackberry OS platform to run native Android apps.</p>', '', 'blackberry-z10.jpg', NULL, 'Blackberry Boss mocks Google, Samsung Knox announcement', 'There''s an unwritten rule in business that says companies should never mention their competitors because it gives them unwanted publicity. Blackberry''s CEO, John Chen, just did that by pointing to Google''s security announcement from Google IO 2014 last month.', '07/07/2014', 1, 1),
(9, 'Sony''s launching a selfie phone tomorrow, and it''s probably the Xperia C3', 'sony''s-launching-a-selfie-phone-tomorrow-and-it''s-probably-the-xperia-c3', 'admin', 'Sony''s launching a selfie phone tomorrow, and it''s probably the Xperia C3', '<p>Sony has&#160;teased&#160;a "selfie"-focused phone, which is set to be announced alongside the launch of the Xperia Z2a in Taiwan tomorrow.</p>\r\n<p>And while Sony is keeping tight-lipped on any details about what the phone might be, it looks like the surprise has been spoiled with&#160;ePrice&#160;posting several photos and a video of the phone in action.</p>', '<p>Meanwhile one poster on&#160;Esato&#160;has uploaded a couple of pictures of the C3 (codenamed "Gina), one of which shows the back ripped off.</p>\r\n<p>The Sony Xperia C3, as it''s been outed, has a 5-inch display and a front-facing camera with its own dedicated LED flash - an obvious necessity for any ''selfie'' smartphone.</p>\r\n<h3>Self-centered</h3>\r\n<p><img src="http://localhost/hittech/uploaded/articles/sony_Xperia_C3_unsized.jpg" width="550" height="398" alt="" /><br />\r\n<br />\r\nNo word on the camera resolution but we''d expect it to be pretty good if it''s the feature Sony''s selling the C3 on.</p>\r\n<p>We can also see the phone will at least be coming in black and turquoise flavors. Expect the full details tomorrow.</p>\r\n<br />\r\n<br />\r\n<img src="http://localhost/hittech/uploaded/articles/sony_Xperia_C3_unsized.jpg" width="550" height="398" alt="" /><img src="http://localhost/hittech/uploaded/articles/sony_Xperia_C3_unsized.jpg" width="550" height="398" alt="" /><img src="http://localhost/hittech/uploaded/articles/sony_Xperia_C3_unsized.jpg" width="550" height="398" alt="" /><br type="_moz" />\r\n<br />', '', 'Sony_Xperia_C3_tease_tweet-578-80.jpg', NULL, 'Sony''s launching a selfie phone tomorrow, and it''s probably the Xperia C3', 'Sony''s launching a selfie phone tomorrow, and it''s probably the Xperia C3', '09/07/2014', 1, 1),
(10, 'The new HTC One M8 is so good it has actually made HTC profitable again', 'the-new-htc-one-m8-is-so-good-it-has-actually-made-htc-profitable-again', 'admin', 'No wonder they called it M8', '<p>Like its predecessor, the new&#160;HTC One (M8)&#160;handset has been a huge critical success, but unlike the 2013 model those positive reviews appear to have translated into sales.</p>\r\n<p>On Thursday the Taiwanese mobile manufacturer announced a return to profits, following a run of three straight quarters where it lost money.</p>', '<p>Largely off the back of&#160;HTC One M8 sales the firm made $75.5m (around £44m, AU$80.7) in the three months leading up to June 30.</p>\r\n<p>That''s up 80% on last years numbers, which coincidentally was the last time it added any cash to the coffers.</p>\r\n<h3>Sustain</h3>\r\n<p>The key for now will be for HTC to sustain it for the rest of the year. That would offer an indication that the One (M8) and the follow up&#160;HTC One Mini 2&#160;had some staying power.</p>\r\n<p>The company is yet to disclose how many units it has sold, but is telling the world the M8 is outperforming last year''s model.</p>\r\n<p>Is the HTC One M8 enough to stop it going all BlackBerry for HTC? Let us know your thoughts in the comments section below.</p>', '', 'htc_review_lifestyle-578-80.png', NULL, 'The new HTC One (M8) is so good it has actually made HTC profitable again', 'The new HTC One (M8) is so good it has actually made HTC profitable again', '09/07/2014', 1, 1),
(11, 'Leak points to Surface Mini resurrection, coming sooner than you think', 'leak-points-to-surface-mini-resurrection-coming-sooner-than-you-think', 'admin', 'No small task for Microsoft''s smaller slate', '<span  rgb(51, 51, 51); font-family: Helvetica, arial, sans-serif; font-size: 14px; line-height: 20px;">The Surface Mini has had its fair share of setbacks, with recent rumours claiming that Microsoft&#160;</span>pulled the plug<span  rgb(51, 51, 51); font-family: Helvetica, arial, sans-serif; font-size: 14px; line-height: 20px;">&#160;on its titular tablet back in May due to "fierce competition" in the small-size segment.</span>', '<p  14px; line-height: 20px; width: 480px; margin: 10px 0px 0px; color: rgb(51, 51, 51); font-family: Helvetica, arial, sans-serif;">Now, ever-reliable tech insider&#160;@evleaks&#160;has flicked the (pint-sized) life support machine switch back into the "on" position with a tweet that claims the Mini has rolled back onto the production line.</p>\r\n<p  14px; line-height: 20px; width: 480px; margin: 10px 0px 0px; color: rgb(51, 51, 51); font-family: Helvetica, arial, sans-serif;">It also reckons the device will see a summer release, though it doesn''t say whether that''s this year or 2015.</p>\r\n<p  14px; line-height: 20px; width: 480px; margin: 10px 0px 0px; color: rgb(51, 51, 51); font-family: Helvetica, arial, sans-serif;">We''d bet on the former considering that Microsoft''s touch-friendly Gemini&#160;version of Office is reportedly landing during the same period, and it would make sense for one to launch with the other.</p>\r\n<h3  20px; line-height: 1em; letter-spacing: -0.5px; width: 480px; margin: 20px 0px 10px; padding-bottom: 10px; color: rgb(51, 51, 51); font-family: Helvetica, arial, sans-serif;">Micro Machines</h3>\r\n<p  14px; line-height: 20px; width: 480px; margin: 0px; color: rgb(51, 51, 51); font-family: Helvetica, arial, sans-serif;">Touted to be a stylus-packing, OneNote-flaunting productivity marvel in the vein of the&#160;Surface Pro 3, the Surface Mini is rumoured to pack a Qualcomm or ARM processor and a 7-inch 1440 x 1080 pixel-resolution display with an iPad-like 4:3 aspect ratio.</p>\r\n<p  14px; line-height: 20px; width: 480px; margin: 10px 0px 0px; color: rgb(51, 51, 51); font-family: Helvetica, arial, sans-serif;">If the device makes it onto shelves, it will be interesting to see whether Microsoft risks&#160;further derision&#160;by sticking to its Windows RT guns, or if it outs a beefier full-fat Windows 8 version to take on offerings from its hardware partners - such as Lenovo''s&#160;ThinkPad 8, Acer''s&#160;Iconia W4&#160;and Toshiba''s Encore 2.</p>', '', 'Surface-maingimage-578-80.jpg', NULL, 'Leak points to Surface Mini resurrection, coming sooner than you think', 'Leak points to Surface Mini resurrection, coming sooner than you think', '07/07/2014', 1, 4),
(12, 'iPad Air 2 release date, news and rumors', 'ipad-air-2-release-date-news-and-rumors', 'admin', 'Updated what we know about the iPad Air 2', '<p  14px; line-height: 20px; width: 480px; margin: 0px; color: rgb(51, 51, 51); font-family: Helvetica, arial, sans-serif;">The&#160;<a class="hawk-link" href="http://www.techradar.com/news/mobile-computing/tablets/ipad-air-2-what-we-want-to-see-1209884#" rel="nofollow" data-keyword="iPad Air" sl-processed="1"  none; color: rgb(94, 116, 11); font-weight: bold; white-space: nowrap;">iPad Air</a>&#160;2, the obvious follow up to the&#160;iPad Air, is set to be an iterative update to the current&#160;best tablet&#160;on the market right now.</p>\r\n<p  14px; line-height: 20px; width: 480px; margin: 10px 0px 0px; color: rgb(51, 51, 51); font-family: Helvetica, arial, sans-serif;">While its name is likely to be in the iPad Air 2 region, this will actually be Apple''s sixth generation full size (9.7-inch) tablet - and the Cupertino based firm will be looking to continue its domination at the top end of the market.</p>', '<p  14px; line-height: 20px; width: 480px; margin: 10px 0px 0px; color: rgb(51, 51, 51); font-family: Helvetica, arial, sans-serif;">Many rival manufacturers have attempted to ape the iPad''s success, but numerous Android and Windows devices have tried and failed to match the premium build quality, consumer lust and ultimately the sales figures that Apple has enjoyed.</p>\r\n<p  14px; line-height: 20px; width: 480px; margin: 10px 0px 0px; color: rgb(51, 51, 51); font-family: Helvetica, arial, sans-serif;">Apple is going to have a tough job topping the iPad Air, after it gained a coveted 5 star TechRadar review and it currently sits proudly at number 1 in our "Best Tablets in the World" top 10.</p>\r\n<ul  20px 0px; padding: 0px; list-style: none; color: rgb(51, 51, 51); font-family: Helvetica, arial, sans-serif; font-size: 16px; line-height: 19.695999145507813px;">\r\n    <li  0px 0px 0px 20px; padding: 0px; list-style: disc; font-size: 14px; line-height: 20px; width: 480px;">Read our in-depth&#160;iPad Air review</li>\r\n</ul>\r\n<p  14px; line-height: 20px; width: 480px; margin: 0px; color: rgb(51, 51, 51); font-family: Helvetica, arial, sans-serif;">There''s very little on the new iPad to tell you about right now, but that doesn''t mean we can''t take an educated guess at when the new model is coming and with the help of the rumours which are starting to circulate we can also explore what it may offer.</p>\r\n<p  14px; line-height: 20px; width: 480px; margin: 10px 0px 0px; color: rgb(51, 51, 51); font-family: Helvetica, arial, sans-serif;">The launch of iOS 7.1 contained some mentions of two newer models of iPads, according to&#160;9to5Mac, noting iPad 4.3 and 4.6 models, which could reference the new iPad Air and&#160;<a class="hawk-link" href="http://www.techradar.com/news/mobile-computing/tablets/ipad-air-2-what-we-want-to-see-1209884#" rel="nofollow" data-keyword="iPad mini" sl-processed="1"  none; color: rgb(94, 116, 11); font-weight: bold; white-space: nowrap;">iPad Mini</a>&#160;3.</p>\r\n<h3  20px; line-height: 1em; letter-spacing: -0.5px; width: 480px; margin: 20px 0px 10px; padding-bottom: 10px; color: rgb(51, 51, 51); font-family: Helvetica, arial, sans-serif;">Cut to the chase</h3>\r\n<ul  20px 0px; padding: 0px; list-style: none; color: rgb(51, 51, 51); font-family: Helvetica, arial, sans-serif; font-size: 16px; line-height: 19.695999145507813px;">\r\n    <li  0px 0px 0px 20px; padding: 0px; list-style: disc; font-size: 14px; line-height: 20px; width: 480px;"><strong>What is it?</strong>&#160;The sequel to the iPad Air</li>\r\n    <li  0px 0px 0px 20px; padding: 0px; list-style: disc; font-size: 14px; line-height: 20px; width: 480px;"><strong>When is it out?</strong>&#160;The current best guess is a November 2014 launch</li>\r\n    <li  0px 0px 0px 20px; padding: 0px; list-style: disc; font-size: 14px; line-height: 20px; width: 480px;"><strong>What will it cost?</strong>&#160;The iPad Air 2 will likely start at £479 / $500 / AU$600</li>\r\n</ul>\r\n<h3  20px; line-height: 1em; letter-spacing: -0.5px; width: 480px; margin: 20px 0px 10px; padding-bottom: 10px; color: rgb(51, 51, 51); font-family: Helvetica, arial, sans-serif;">iPad Air 2 release date</h3>\r\n<p  14px; line-height: 20px; width: 480px; margin: 0px; color: rgb(51, 51, 51); font-family: Helvetica, arial, sans-serif;">The iPad Air 2 release date is likely to be the beginning of November, with the launch happening at the start of the month or the week after.</p>\r\n<p  14px; line-height: 20px; width: 480px; margin: 10px 0px 0px; color: rgb(51, 51, 51); font-family: Helvetica, arial, sans-serif;">Why November? Well that''s when the iPad Air made an appearance last year, and Apple does like to stick to its annual produce cycle - if you overlook the whole&#160;iPad 4&#160;thing.</p>\r\n<h3  20px; line-height: 1em; letter-spacing: -0.5px; width: 480px; margin: 20px 0px 10px; padding-bottom: 10px; color: rgb(51, 51, 51); font-family: Helvetica, arial, sans-serif;">iPad Air 2 rumors</h3>\r\n<p  14px; line-height: 20px; width: 480px; margin: 0px; color: rgb(51, 51, 51); font-family: Helvetica, arial, sans-serif;">The iPad Air 2 is not going to drop in cost if Apple''s past performance is anything to go by, and we can''t see the design changing that much either given the recent change in the larger iPad''s chassis last year.</p>\r\n<p  14px; line-height: 20px; width: 480px; margin: 10px 0px 0px; color: rgb(51, 51, 51); font-family: Helvetica, arial, sans-serif;">There are some analyst rumors buzzing around and&#160;KGI analyst Ming-Chi Kuo&#160;believes that the iPad Air 2 will come with an Apple A8 processor, as well as sporting an 8MP rear camera and inheriting Touch ID from theiPhone 5S.</p>\r\n<p  14px; line-height: 20px; width: 480px; margin: 10px 0px 0px; color: rgb(51, 51, 51); font-family: Helvetica, arial, sans-serif;">This theory which is given extra credence by the mention of iPad''s in theBiometric Kit for iOS 7.1. Kuo added that he expects the new slate to ship towards the end of the third quarter.</p>\r\n<p  14px; line-height: 20px; width: 480px; margin: 10px 0px 0px; color: rgb(51, 51, 51); font-family: Helvetica, arial, sans-serif;">Obviously an analyst is just that, so these theories are unlikely to be based on hard evidence, but Kuo has a better track record than some, as among other things he correctly predicted the inclusion of a fingerprint scanner in the&#160;<a class="hawk-link" href="http://www.techradar.com/news/mobile-computing/tablets/ipad-air-2-what-we-want-to-see-1209884#" rel="nofollow" data-keyword="iPhone 5S" sl-processed="1"  none; color: rgb(94, 116, 11); font-weight: bold; white-space: nowrap;">iPhone 5S</a>.</p>\r\n<h3  20px; line-height: 1em; letter-spacing: -0.5px; width: 480px; margin: 20px 0px 10px; padding-bottom: 10px; color: rgb(51, 51, 51); font-family: Helvetica, arial, sans-serif;">iPad Air 2 design</h3>\r\n<p  14px; line-height: 20px; width: 480px; margin: 0px; color: rgb(51, 51, 51); font-family: Helvetica, arial, sans-serif;">Kuo''s theories are looking increasingly believable, as according to&#160;sources speaking to ETNews&#160;the iPad Air 2 will have an A8 chip, which is expected to improve efficiency and increase battery life, and its main camera will be boosted from 5 to 8MP, while the front-facing snapper will be increased to 1.5MP.</p>\r\n<p  14px; line-height: 20px; width: 480px; margin: 10px 0px 0px; color: rgb(51, 51, 51); font-family: Helvetica, arial, sans-serif;">However they went on to say that the design is going to be similar to that of the original iPad Air and its screen will stick at a resolution of 2048 x 1536<br />\r\n<br />\r\n<img src="http://localhost/hittech/uploaded/articles/iPad-Air-2.jpg" width="500" height="280" alt="" /><br />\r\n&#160;</p>\r\n<p  14px; line-height: 20px; width: 480px; margin: 10px 0px 0px; color: rgb(51, 51, 51); font-family: Helvetica, arial, sans-serif;">We''ve also&#160;caught a glimpse&#160;of what might be the iPad Air 2''s front panel and it appears that the display is integrated into the panel, which would allow it to be slimmer than the iPad Air, which has a separate display and panel.</p>\r\n<p  14px; line-height: 20px; width: 480px; margin: 10px 0px 0px; color: rgb(51, 51, 51); font-family: Helvetica, arial, sans-serif;">A more comprehensive leak&#160;claiming to show off a prototype iPad Air 2 in pretty much all its glory has also hit the web, revealing subtle design changes rather than a total overhaul<br />\r\n<br />\r\n<img src="http://localhost/hittech/uploaded/articles/Air2-LEAK-01-580-90.jpg" width="580" height="477" alt="" /><br />\r\n<br />\r\nSomething worth noting in this series of images is the fact the TouchID button from the iPhone 5S appears to be on the iPad Air 2, backing up Kuo''s claim that the biometric tech will land on the slate.<br />\r\n<br />\r\n<img src="http://localhost/hittech/uploaded/articles/Air2-LEAK-03-580-90.jpg" width="580" height="386" alt="" /><br />\r\n<br />\r\nA new button design may be on the cards (credit: nowhereelse)<br />\r\n<br />\r\n<img src="http://localhost/hittech/uploaded/articles/Air2-LEAK-05-580-90.jpg" width="580" height="382" alt="" /><br />\r\n<br />\r\nA slim profile is pretty much nailed on (credit: nowhereelse)<br />\r\n<br />\r\n<img src="http://localhost/hittech/uploaded/articles/Air2-LEAK-02-580-90.jpg" width="580" height="435" alt="" /></p>\r\n<p  14px; line-height: 20px; width: 480px; margin: 10px 0px 0px; color: rgb(51, 51, 51); font-family: Helvetica, arial, sans-serif;">It appears the iPad Air 2 just can''t stay away from cameras, as a series of shots appeared on ASCII Plus showing off the front, rear and sizes of a tablet which looks very similar to the ones appearing in previous leaks.</p>\r\n<p  14px; line-height: 20px; width: 480px; margin: 10px 0px 0px; color: rgb(51, 51, 51); font-family: Helvetica, arial, sans-serif;">The report does state that the device next to the current iPad Air in the shots is a mock up of Apple''s tablet, so it has to be taken with a pince of salt - but again it''s more of the same with no slider switch above the slightly redesigned volume keys.<br />\r\n<span  rgb(255, 255, 255); line-height: 17.23400115966797px; background-color: rgba(0, 0, 0, 0.701961);"><br />\r\n<br />\r\n<br />\r\n<br type="_moz" />\r\n</span></p>', '', 'Air2-LEAK-02-580-90.jpg', NULL, 'The iPad Air 2', 'The iPad Air 2, the obvious follow up to the iPad Air, is set to be an iterative update to the current best tablet on the market right now.\r\nWhile its name is likely to be in the iPad Air 2 region, this will actually be Apple''s sixth generation full size (9.7-inch) tablet - and the Cupertino based firm will be looking to continue its domination at the top end of the market.', '07/07/2014', 1, 4),
(13, 'iPad Air 2 shows up again with TouchID and slimmer build', 'ipad-air-2-shows-up-again-with-touchid-and-slimmer-build', 'admin', 'iPad Air 2 shows up again with TouchID and slimmer build', '<span  rgb(51, 51, 51); font-family: Helvetica, arial, sans-serif; font-size: 14px; line-height: 20px;">Ready for your next instalment of&#160;</span>iPad Air 2<span  rgb(51, 51, 51); font-family: Helvetica, arial, sans-serif; font-size: 14px; line-height: 20px;">&#160;leakery? Good, because that''s exactly what we have in store, with images claiming to show a mock up of Apple''s upcoming flagship tablet.</span>', '<p  14px; line-height: 20px; width: 480px; margin: 10px 0px 0px; color: rgb(51, 51, 51); font-family: Helvetica, arial, sans-serif;">We''ve already seen the&#160;Xperia Z2 Tablet, a&#160;slew of Samsung slates&#160;and even some&#160;new offerings from LGthis year, which means all we''re really waiting for is Apple''s new&#160;<a class="hawk-link" href="http://www.techradar.com/news/mobile-computing/tablets/ipad-air-2-shows-up-again-with-touchid-and-slimmer-build-1256009#" rel="nofollow" data-keyword="iPad Air" sl-processed="1"  none; color: rgb(94, 116, 11); font-weight: bold; white-space: nowrap;">iPad Air</a>&#160;2 and&#160;iPad Mini 3. Well, perhaps some new Nexus and Kindle Fire offerings too.</p>\r\n<p  14px; line-height: 20px; width: 480px; margin: 10px 0px 0px; color: rgb(51, 51, 51); font-family: Helvetica, arial, sans-serif;">The latest snaps were spotted on Japanese site&#160;ASCII Plusand appear to show a dummy iPad Air 2 unit alongside the&#160;iPad Air.<br />\r\n<br />\r\n<img src="http://localhost/hittech/uploaded/articles/Air2-LEAK-01-580-90_1.jpg" width="580" height="435" alt="" /><br />\r\n<br />\r\niPad Air 2 (L) mock up lines up next to iPad Air (R) (credit: ASCII Plus</p>\r\n<h3  20px; line-height: 1em; letter-spacing: -0.5px; width: 480px; margin: 20px 0px 10px; padding-bottom: 10px; color: rgb(51, 51, 51); font-family: Helvetica, arial, sans-serif;">Spot the differences</h3>\r\n<p  14px; line-height: 20px; width: 480px; margin: 0px; color: rgb(51, 51, 51); font-family: Helvetica, arial, sans-serif;">There wasn''t any information to accompany the shots, but it appears the iPad Air 2 could be slightly thinner than the current 9.7-inch incumbent which currently measures 7.5mm thick.</p>\r\n<p  14px; line-height: 20px; width: 480px; margin: 10px 0px 0px; color: rgb(51, 51, 51); font-family: Helvetica, arial, sans-serif;">TouchID also seems to be present, with a metal ring surrounding the home key below the screen, while the speaker grilles on the base of the tablet are fewer, yet larger.<br />\r\n<br />\r\n<img src="http://localhost/hittech/uploaded/articles/Air2-LEAK-02-580-90.jpg" width="580" height="435" alt="" /><br />\r\n<br />\r\nThe Air 2 is missing its Apple logo (credit: ASCII Plus)<br />\r\n&#160;</p>\r\n<p  14px; line-height: 20px; width: 480px; margin: 10px 0px 0px; color: rgb(51, 51, 51); font-family: Helvetica, arial, sans-serif;">The pictures also suggest Apple may do away with the slide switch which resides above the volume keys on the current iPad and iPhone ranges - with the functionally moving to Control Center on screen.</p>\r\n<p  14px; line-height: 20px; width: 480px; margin: 10px 0px 0px; color: rgb(51, 51, 51); font-family: Helvetica, arial, sans-serif;">As usual, there''s no way to authenticate these images so we could be looking at an elaborate fake. We''ll probably have to wait until around October before we see an official announcement.</p>', '', 'Air2-LEAK-02-578-80.jpg', NULL, 'iPad Air 2 shows up again with TouchID and slimmer build', 'iPad Air 2 shows up again with TouchID and slimmer build', '07/07/2014', 1, 4),
(14, 'Apple reportedly gearing up to mass produce 12-inch MacBook Air', 'apple-reportedly-gearing-up-to-mass-produce-12-inch-macbook-air', 'admin', 'Apple reportedly gearing up to mass produce 12-inch MacBook Air', '&#160;', '&#160;', '', 'apple-macbook-air-8.jpg', NULL, '', '', '07/07/2014', 1, 6),
(15, 'Origin EON17-S review', 'origin-eon17-s-review', 'admin', '', '&#160;', '&#160;', '', 'Origin_EON17-S_Review_Hero-623-80.jpg', NULL, '', '', '07/07/2014', 1, 6),
(16, '30 top laptops for every budget, best laptop', '30-top-laptops-for-every-budget-best-laptop', 'admin', '30 top laptops for every budget, best laptop', '&#160;', '&#160;', '', 'Yoga-11s-hero-578-80.jpg', NULL, '30 top laptops for every budget, best laptop', '30 top laptops for every budget, best laptop', '07/07/2014', 1, 6),
(17, 'Toshiba Kira review', 'toshiba-kira-review', 'admin', 'Toshiba Kira review', '&#160;', '&#160;', '', 'toshiba-kira-hero-623-80.JPG', NULL, 'Toshiba Kira review', 'Toshiba Kira review', '07/07/2014', 1, 6),
(18, 'You can now receive SMS texts and calls on your Mac', 'you-can-now-receive-sms-texts-and-calls-on-your-mac', 'admin', 'You can now receive SMS texts and calls on your Mac', '&#160;', '&#160;', '', 'handoff-578-80.jpg', NULL, 'You can now receive SMS texts and calls on your Mac', 'You can now receive SMS texts and calls on your Mac', '07/07/2014', 1, 6),
(19, 'ASUS Transformer Book Flip laptop has Yoga-like characteristics', 'asus-transformer-book-flip-laptop-has-yoga-like-characteristics', 'admin', 'ASUS Transformer Book Flip laptop has Yoga-like characteristics', '<h1 itemprop="name" class="itemReviewed XXXL"  32px; line-height: 1em; letter-spacing: -1px; vertical-align: top; margin: 0px; padding: 0px 0px 8px; color: rgb(51, 51, 51); font-family: Helvetica, arial, sans-serif;">ASUS Transformer Book Flip laptop has Yoga-like characteristics</h1>', '&#160;', '', 'asus_transformer_book_flip-578-80.jpg', NULL, 'ASUS Transformer Book Flip laptop has Yoga-like characteristics', 'ASUS Transformer Book Flip laptop has Yoga-like characteristics', '07/07/2014', 1, 6);

-- --------------------------------------------------------

--
-- Table structure for table `tbl_products`
--

CREATE TABLE IF NOT EXISTS `tbl_products` (
  `pro_id` int(10) unsigned NOT NULL AUTO_INCREMENT,
  `pro_code` varchar(100) DEFAULT NULL,
  `pro_name` varchar(100) NOT NULL,
  `pro_name_rewrite` varchar(200) NOT NULL,
  `pro_status` char(1) NOT NULL,
  `pro_info` text NOT NULL,
  `pro_full` longtext NOT NULL,
  `pro_price` varchar(10) NOT NULL,
  `pro_location` varchar(200) NOT NULL,
  `pro_war` varchar(200) NOT NULL,
  `pro_ship` varchar(200) NOT NULL,
  `pro_images` varchar(100) NOT NULL,
  `cate_id` int(10) unsigned NOT NULL,
  PRIMARY KEY (`pro_id`)
) ENGINE=MyISAM  DEFAULT CHARSET=utf8 AUTO_INCREMENT=1127 ;

--
-- Dumping data for table `tbl_products`
--

INSERT INTO `tbl_products` (`pro_id`, `pro_code`, `pro_name`, `pro_name_rewrite`, `pro_status`, `pro_info`, `pro_full`, `pro_price`, `pro_location`, `pro_war`, `pro_ship`, `pro_images`, `cate_id`) VALUES
(1105, 'ATL - MCC 03', 'Máy hơi ga', 'may-hoi-ga', '', 'mô tả', 'chi tiết<br />', '10000000', 'Hàn Quốc', '12 tháng', 'Liên hệ', 'roga1.jpg', 52),
(1113, 'ATL - MU 01', 'Bình chữa cháy tự động', 'binh-chua-chay-tu-dong', '', 'mô tả', 'chi tiết', '120000000', '', '', '', 'net1298342337.jpg', 52),
(1114, 'ATL - MK04', 'TOHATSU VC82ASE ', 'tohatsu-vc82ase-', '', 'mô tả', 'chi tiết', '120000000', 'Hàn Quốc', '12 tháng', 'Liên hệ', 'may-phat-dien-gia-dinh.jpg', 52),
(1115, 'ATL - MK05', 'Vòi hàn quốc', 'voi-han-quoc', '', '', '&#160;', '120000000', 'Hòa Bình', '12 tháng', 'Liên hệ', 'stsg_product_large_l18717ydw1vph0q1.jpg', 52),
(1116, 'ATL - MK06', 'Giá để bình chữa cháy', 'gia-de-binh-chua-chay', '', '', '&#160;', '450000', 'Hàn Quốc', '12 tháng', 'Liên hệ', 'DK-101-111-1.jpg', 52),
(1125, NULL, '0', '', '', '0', '0', '0', '0', '0', '0', '', 0),
(1126, NULL, '0', '', '', '0', '0', '0', '0', '0', '0', '', 0);

-- --------------------------------------------------------

--
-- Table structure for table `tbl_search`
--

CREATE TABLE IF NOT EXISTS `tbl_search` (
  `s_id` int(10) unsigned NOT NULL AUTO_INCREMENT,
  `s_type` varchar(100) NOT NULL,
  `t_id` int(10) NOT NULL,
  PRIMARY KEY (`s_id`)
) ENGINE=MyISAM DEFAULT CHARSET=latin1 AUTO_INCREMENT=1 ;

-- --------------------------------------------------------

--
-- Table structure for table `tbl_services`
--

CREATE TABLE IF NOT EXISTS `tbl_services` (
  `service_id` int(10) unsigned NOT NULL AUTO_INCREMENT,
  `service_info` text CHARACTER SET utf8 NOT NULL,
  `service_full` longtext CHARACTER SET utf8 NOT NULL,
  `service_data` varchar(200) CHARACTER SET utf8 NOT NULL,
  PRIMARY KEY (`service_id`)
) ENGINE=InnoDB  DEFAULT CHARSET=latin1 AUTO_INCREMENT=2 ;

--
-- Dumping data for table `tbl_services`
--

INSERT INTO `tbl_services` (`service_id`, `service_info`, `service_full`, `service_data`) VALUES
(1, '<img src="http://northstar.vn/uploaded/services.jpg" width="500" height="284" alt="" /><br />', '<div>Chúng tôi hiểu rằng nói những lời hoa mỹ về mình thì dễ nhưng để được sự tin cậy của quí khách hàng là rất khó, chính vì vậy chỉ có một con đường là phải làm ra những sản phẩm chuyên nghiệp và mang lại hiệu quả thiết thực cho khách hàng, với phương châm đó chúng tôi luôn nỗ lực&#160;<span>mang đến cho khách hàng&#160;</span>những dịch vụ tốt nhất<span>, qua đó nâng cao khả năng cạnh tranh cho khách hàng trong lĩnh vực quảng bá tên tuổi trên Internet.</span></div>\n<br />\n<div>Chúng tôi cũng đánh giá cao chất lượng và trình độ nghiệp vụ trong công việc, cũng như những giải pháp và kinh nghiệm mà chúng tôi cung cấp cho khách hàng.</div>', '');

-- --------------------------------------------------------

--
-- Table structure for table `tbl_slideshow`
--

CREATE TABLE IF NOT EXISTS `tbl_slideshow` (
  `slide_id` int(10) unsigned NOT NULL AUTO_INCREMENT,
  `slide_title` varchar(200) NOT NULL,
  `slide_image` varchar(200) NOT NULL,
  `slide_link` varchar(200) NOT NULL,
  `slide_status` int(1) NOT NULL DEFAULT '1',
  PRIMARY KEY (`slide_id`)
) ENGINE=InnoDB DEFAULT CHARSET=utf8 AUTO_INCREMENT=1 ;

-- --------------------------------------------------------

--
-- Table structure for table `tbl_support`
--

CREATE TABLE IF NOT EXISTS `tbl_support` (
  `sup_id` int(10) unsigned NOT NULL AUTO_INCREMENT,
  `sup_name` varchar(50) NOT NULL,
  `sup_yahoo` varchar(50) NOT NULL,
  `sup_phone` varchar(100) NOT NULL,
  `sup_sky` varchar(100) NOT NULL,
  `sup_email` varchar(150) NOT NULL,
  PRIMARY KEY (`sup_id`)
) ENGINE=MyISAM  DEFAULT CHARSET=utf8 AUTO_INCREMENT=24 ;

--
-- Dumping data for table `tbl_support`
--

INSERT INTO `tbl_support` (`sup_id`, `sup_name`, `sup_yahoo`, `sup_phone`, `sup_sky`, `sup_email`) VALUES
(1, 'Tư vấn thiết kế', 'nhatgai218', '0974.136.509', 'haanhdon', 'haanhdon@gmail.com'),
(19, 'Hỗ trợ khách hàng', 'northstar190', '01689915997', 'northstar190', 'khoilopci@gmail.com'),
(21, 'Phát triển hệ thống', 'nhatgai195', '0976.256.106', 'northstar.vn', 'bachnx92@gmail.com');

-- --------------------------------------------------------

--
-- Table structure for table `tbl_user`
--

CREATE TABLE IF NOT EXISTS `tbl_user` (
  `user_id` int(10) unsigned NOT NULL AUTO_INCREMENT,
  `username` varchar(50) NOT NULL,
  `password` char(50) NOT NULL,
  `name` varchar(50) NOT NULL,
  `gender` char(1) NOT NULL DEFAULT '2',
  `phone` int(20) DEFAULT NULL,
  `adress` varchar(200) NOT NULL,
  `email` varchar(50) NOT NULL,
  `level` int(10) unsigned NOT NULL DEFAULT '2',
  `status` int(1) NOT NULL DEFAULT '0',
  PRIMARY KEY (`user_id`)
) ENGINE=MyISAM  DEFAULT CHARSET=utf8 AUTO_INCREMENT=102 ;

--
-- Dumping data for table `tbl_user`
--

INSERT INTO `tbl_user` (`user_id`, `username`, `password`, `name`, `gender`, `phone`, `adress`, `email`, `level`, `status`) VALUES
(1, 'admin', '7236bab9a8b051e207841f9e91253e8a', 'ha anh don', '1', 974128483, 'Hà Nội - Singapore', 'haanhdon@gmail.com', 1, 1);

/*!40101 SET CHARACTER_SET_CLIENT=@OLD_CHARACTER_SET_CLIENT */;
/*!40101 SET CHARACTER_SET_RESULTS=@OLD_CHARACTER_SET_RESULTS */;
/*!40101 SET COLLATION_CONNECTION=@OLD_COLLATION_CONNECTION */;
